,,,,,,Incorrect,Correct(ed),Fixed Error,Unable to Identify,Calculate OZ into lbs >,21.00,1.31,< lbs in % will appear here,CA Shipment Complete,In BC,Sent Eshp,Sent Rutherford,Val. Ent. Compl.,,,,,,,,$0.00,,,,,,,,,,,,,,
POA,Notes,Date Processed,Congsinee ID No.,Content Photo Link,Label Photo Link,Shipment ID,Consignee Name,Consignee Address1,Consignee Address2,Consignee City,Consignee Province,Consignee Postal Code,Product Number,Product Description,Quantity,Price,Total Price,Country of Origin,HS Code,Net Weight,Weight Unit,Number of Packages,Currency,Package ID,PARS No.,b2m_wlr_imp_code,Importer Name,Importer Address 1',Importer Address 2,Importer City,Importer Province,Importer Postal Code,Importer Business No.,Vendor Name,Vendor Address1,Vendor Address2,Vendor City,Vendor State,Vendor Country,Packaging Unit
NO,,08/03/2019,41174,https://drive.google.com/open?id=1mKNaNG4k5UbpMhmC_9125jHtzDHk_7kF,https://drive.google.com/open?id=1IV0Cc0i6mT1oTdXDCsd5l__1nZ0myX-t,41174_080319_8,2435556 Ontario Inc,4525 Full Moon Circle,,Mississauga,ON,L4Z 2L5,,RET TO CAN - VanCleef-cosmetic,1,$70.00,$70.00,CN,9814,1.1,LBR,1,USD,,,,2435556 Ontario Inc,4525 Full Moon Circle,,Mississauga,ON,L4Z 2L5,,Defranco Hardware,3105 Pine Ave,14301,Niagara Falls,NY,USA,PCE
,,,,,,,,,,,,,,,,,,,,,,,,,,,,,,,,,,,,,,,,
NO,,08/03/2019,41174,https://drive.google.com/open?id=1ijwOp2gcK6D1mFt0eMO857AOQ549BxQT,https://drive.google.com/open?id=1EcUFsjLGj1k9-QCWAbytZq9Gky-fOidZ,41524_080319_9,2625029 Ontario Limited / Featherology,70 belfield road unit 12,,Etobicoke,ON,M9W 1G3,,RET TO CAN - Terrarium,1,$60.00,$60.00,CN,9814,8,LBR,1,USD,,,,2625029 Ontario Limited / Featherology,70 belfield road unit 12,,Etobicoke,ON,M9W 1G3,,Defranco Hardware,3105 Pine Ave,14301,Niagara Falls,NY,USA,PCE
NO,,08/14/2019,41174,https://drive.google.com/open?id=1SEY1PrRtTwVsmZgo7U_lr2i-XlB1lB4V,https://drive.google.com/open?id=1XkV2XiEwuGOg_j7HwvOYbDP8tkjo9lxZ,41524_081419_16,2625029 Ontario Limited / Featherology,70 belfield road unit 12,,Etobicoke,ON,M9W 1G3,,"RET TO CAN - Metal Stands, Terrariums
",2,$12.50,$25.00,CN,9814,5,LBR,1,USD,,,,2625029 Ontario Limited / Featherology,70 belfield road unit 12,,Etobicoke,ON,M9W 1G3,,Defranco Hardware,3105 Pine Ave,14301,Niagara Falls,NY,USA,PCE
,,,,,,,,,,,,,,,,,,,,,,,,,,,,,,,,,,,,,,,,
YES,,08/02/2019,23392,https://drive.google.com/open?id=14j5xH4o_Kwyi_HXTp_STk8sXj1-8OpGv,https://drive.google.com/open?id=1O_krSGK7mcKtTOhu0COgMTv1RUw_04YT,23392_080219_2,AG Decor,98 Thomas Legge Crescent,,Richmond hill,ON,L4E 4V7,,"RET TO CAN - Wallpaper
",2,$2.50,$5.00,CN,9814,1,LBR,1,USD,,,,AG Decor,98 Thomas Legge Crescent,,Richmond hill,ON,L4E 4V7,,Defranco Hardware,3105 Pine Ave,14301,Niagara Falls,NY,USA,PCE
YES,,08/03/2019,23392,https://drive.google.com/open?id=1xBPVXHbB03KqdG2_nhMIagmDPB7Gt7EN,https://drive.google.com/open?id=1w4ZiTRmHnHhNv4CEzydct57y0Qfe_7el,23392_080319_22,AG Decor,98 Thomas Legge Crescent,,Richmond hill,ON,L4E 4V7,,"RET TO CAN - Wallpaper
",2,$2.50,$5.00,CN,9814,1,LBR,1,USD,,,,AG Decor,98 Thomas Legge Crescent,,Richmond hill,ON,L4E 4V7,,Defranco Hardware,3105 Pine Ave,14301,Niagara Falls,NY,USA,PCE
YES,,08/08/2019,23392,https://drive.google.com/open?id=1aeA_-mAQlJnxoQA58ianwGHNeIkGnoah,https://drive.google.com/open?id=11y8ZAXhMZXB8HZ4v1rUdP49zhY3PhtHE,23392_080819_5,AG Decor,98 Thomas Legge Crescent,,Richmond hill,ON,L4E 4V7,,"RET TO CAN - Wallpaper
",1,$5.00,$5.00,CN,9814,1,LBR,1,USD,,,,AG Decor,98 Thomas Legge Crescent,,Richmond hill,ON,L4E 4V7,,Defranco Hardware,3105 Pine Ave,14301,Niagara Falls,NY,USA,PCE
YES,,08/09/2019,23392,https://drive.google.com/open?id=1Hmnwk81-uhiGLGbwbvWnkY0CQsVz1K5U,https://drive.google.com/open?id=1h4vzad2HFW4HdY9FMBwyOAeHQQJpCgkG,23392_080919_22,AG Decor,98 Thomas Legge Crescent,,Richmond hill,ON,L4E 4V7,,"RET TO CAN - Wallpaper
",1,$10.00,$10.00,CN,9814,2,LBR,1,USD,,,,AG Decor,98 Thomas Legge Crescent,,Richmond hill,ON,L4E 4V7,,Defranco Hardware,3105 Pine Ave,14301,Niagara Falls,NY,USA,PCE
YES,,08/13/2019,23392,https://drive.google.com/open?id=1fKv4buf5bta9zoBVAshiNk0EkqWHny-d,https://drive.google.com/open?id=163HvHshXLCCdYnl1w9AelpuDkQ3Picsy,23392_081319_8,AG Decor,98 Thomas Legge Crescent,,Richmond hill,ON,L4E 4V7,,"RET TO CAN - Wallpaper
",1,$5.00,$5.00,CN,9814,1,LBR,1,USD,,,,AG Decor,98 Thomas Legge Crescent,,Richmond hill,ON,L4E 4V7,,Defranco Hardware,3105 Pine Ave,14301,Niagara Falls,NY,USA,PCE
YES,,08/17/2019,23392,https://drive.google.com/open?id=1ckNJZSmzB62B0dm-pPFQL8EP2VsvYbkv,https://drive.google.com/open?id=1b73X-8FcjYUGBFQ_jmpuv6m9zXhgDewO,23392_081719_26,AG Decor,99 Thomas Legge Crescent,,Richmond hill,ON,L4E 4V7,,"RET TO CAN - Wallpaper
",4,$5.00,$5.00,CN,9814,3,LBR,1,USD,,,,AG Decor,98 Thomas Legge Crescent,,Richmond hill,ON,L4E 4V7,,Defranco Hardware,3105 Pine Ave,14301,Niagara Falls,NY,USA,PCE
YES,,08/17/2019,23392,https://drive.google.com/open?id=1O2Wwx6PmBOnnm-s8h6hyGQ7xYf8SbHJb,https://drive.google.com/open?id=1Cipx5S1e6TEME3gblQRLRVQi0xrayKzX,23392_081719_27,AG Decor,100 Thomas Legge Crescent,,Richmond hill,ON,L4E 4V7,,"RET TO CAN - Wallpaper
",1,$5.00,$5.00,CN,9814,0.75,LBR,1,USD,,,,AG Decor,98 Thomas Legge Crescent,,Richmond hill,ON,L4E 4V7,,Defranco Hardware,3105 Pine Ave,14301,Niagara Falls,NY,USA,PCE
YES,,08/17/2019,23392,https://drive.google.com/open?id=1Q7F3kPjKFqPzRzJcs58zTZUPc5kQgBTG,https://drive.google.com/open?id=1yFEYUCgCYzR09kVQx_fkGpM1rbDg51x2,23392_081719_28,AG Decor,101 Thomas Legge Crescent,,Richmond hill,ON,L4E 4V7,,"RET TO CAN - Wallpaper
",1,$5.00,$5.00,CN,9814,1,LBR,1,USD,,,,AG Decor,98 Thomas Legge Crescent,,Richmond hill,ON,L4E 4V7,,Defranco Hardware,3105 Pine Ave,14301,Niagara Falls,NY,USA,PCE
YES,,08/17/2019,23392,https://drive.google.com/open?id=16_5KS5r4LY3XS3PD7M-ePiI0DvcRTmjF,https://drive.google.com/open?id=1VDEDM8PDa7VqNvnIcWatrhEcDICKSrqq,23392_081719_29,AG Decor,102 Thomas Legge Crescent,,Richmond hill,ON,L4E 4V7,,"RET TO CAN - Wallpaper
",1,$5.00,$5.00,CN,9814,0.63,LBR,1,USD,,,,AG Decor,98 Thomas Legge Crescent,,Richmond hill,ON,L4E 4V7,,Defranco Hardware,3105 Pine Ave,14301,Niagara Falls,NY,USA,PCE
YES,,08/17/2019,23392,https://drive.google.com/open?id=1ia93tGJsMvRLmVV6GcvSWt-2nIAcC4ZI,https://drive.google.com/open?id=1_SMq0qGfyQTTpAom4FXJMdfnvm9H8U_t,23392_081719_30,AG Decor,103 Thomas Legge Crescent,,Richmond hill,ON,L4E 4V7,,"RET TO CAN - Wallpaper
",5,$5.00,$5.00,CN,9814,10,LBR,1,USD,,,,AG Decor,98 Thomas Legge Crescent,,Richmond hill,ON,L4E 4V7,,Defranco Hardware,3105 Pine Ave,14301,Niagara Falls,NY,USA,PCE
YES,,08/13/2019,23392,https://drive.google.com/open?id=1EDFK3z-cCZrf5SiOsMhIAUwgDb0ILZxt,https://drive.google.com/open?id=1oP9bM650CIsQBo1vTn3xxEa3fnbv4WbD,23392_081319_10,AG Decor,98 Thomas Legge Crescent,,Richmond hill,ON,L4E 4V7,,"RET TO CAN - Wallpaper
",1,$5.00,$5.00,CN,9814,1,LBR,1,USD,,,,AG Decor,98 Thomas Legge Crescent,,Richmond hill,ON,L4E 4V7,,Defranco Hardware,3105 Pine Ave,14301,Niagara Falls,NY,USA,PCE
,,,,,,,,,,,,,,,,,,,,,,,,,,,,,,,,,,,,,,,,
NO,,08/09/19,40624,https://drive.google.com/open?id=1Gm-uA8zBTANh4VJFAvl53J2J0pKm4TCe,https://drive.google.com/open?id=1lBJ5uxvQnynf49I_3ZIP8bcQXoGJaUqn,40624_080919_21,Baby I'm Yours,4233 Kane Cresc,,Burlington,ON,L7M 5C1,,RET TO CAN - Toy,1,$26.49,26.49,CN,9814,2,LBR,,USD,,,,Baby I'm Yours,4233 Kane Cresc,,Burlington,ON,L7M 5C1,,Defranco Hardware,3105 Pine Ave,14301,Niagara Falls,NY,USA,PCE
,,,,,,,,,,,,,,,,,,,,,,,,,,,,,,,,,,,,,,,,
YES,,08/17/19,999,https://drive.google.com/open?id=1uMwulMqK6yEmw-oDsAv6IKxqDL8RMnPa,https://drive.google.com/open?id=1wzkyUsd_d17ge37Wr2xCXkcWASiAX4U5,999_081719_49,Bill Hu/MaxMost.com,1 Waringstown Drive,,Toronto,ON,M1R 4H2,,RET TO CAN - LTE Router with Cable Wire,1,$0.85,$0.85,CN,9814,3,LBR,1,USD,,,,Bill Hu/MaxMost.com,1 Waringstown Drive,,Toronto,ON,M1R 4H2,,Defranco Hardware,3105 Pine Ave,14301,Niagara Falls,NY,USA,PCE
YES,,08/17/19,999,https://drive.google.com/open?id=1vBzXYFS5ktQEgFcmG-apL7cDHYLD-9ky,https://drive.google.com/open?id=1A4hYcQ_wi8o_snp0L44ujuLIw6022BFg,999_081719_50,Bill Hu/MaxMost.com,1 Waringstown Drive,,Toronto,ON,M1R 4H2,,RET TO CAN - LTE Router with Cable Wire,1,$69.98,$69.98,CN,9814,3,LBR,1,USD,,,,Bill Hu/MaxMost.com,1 Waringstown Drive,,Toronto,ON,M1R 4H2,,Defranco Hardware,3105 Pine Ave,14301,Niagara Falls,NY,USA,PCE
YES,,08/17/19,999,https://drive.google.com/open?id=1f-0okqSrHU-jz6RUsPE6ubc4iwTOhJgW,https://drive.google.com/open?id=1ZmkcKyjQLYtJrewocSvqCBJ04mQY35ir,999_081719_51,Bill Hu/MaxMost.com,1 Waringstown Drive,,Toronto,ON,M1R 4H2,,RET TO CAN - Adapter,1,$19.99,$19.99,CN,9814,0.13,LBR,1,USD,,,,Bill Hu/MaxMost.com,1 Waringstown Drive,,Toronto,ON,M1R 4H2,,Defranco Hardware,3105 Pine Ave,14301,Niagara Falls,NY,USA,PCE
YES,,08/17/19,999,https://drive.google.com/open?id=1O_PPrSYzS4Fc00cx8GKndLdT4ZkVFeyP,https://drive.google.com/open?id=1-FPPvs97ShG63s3nWRExqj6l43RpVuvW,999_081719_52,Bill Hu/MaxMost.com,1 Waringstown Drive,,Toronto,ON,M1R 4H2,,RET TO CAN - Connector,1,$13.98,$13.98,CN,9814,0.13,LBR,1,USD,,,,Bill Hu/MaxMost.com,1 Waringstown Drive,,Toronto,ON,M1R 4H2,,Defranco Hardware,3105 Pine Ave,14301,Niagara Falls,NY,USA,PCE
,,,,,,,,,,,,,,,,,,,,,,,,,,,,,,,,,,,,,,,,
NO,,08/13/19,41515,https://drive.google.com/open?id=1aSoacITouf7Gt4DqJ9FZFOVhvZluGKlM,https://drive.google.com/open?id=19KZxi8z7QrdtWBMg9Nxk-mDwNwOOLmXI,41515_081319_38,Classic Ads,5950 Bathurst St,1111,North York,ON,M2R 1Y9,,RET TO CAN - Wheel/ Trading Cards,1,$2.79,2.79,CN,9814,0.25,LBR,1,USD,,,,Classic Ads,5950 Bathurst St,1111,North York,ON,M2R 1Y9,,Defranco Hardware,3105 Pine Ave,14301,Niagara Falls,NY,USA,PCE
,,,,,,,,,,,,,,,,,,,,,,,,,,,,,,,,,,,,,,,,
NO,,08/06/19,40548,https://drive.google.com/open?id=1t3m4Gp7pVxdTNroKj5137tri8DCC_QB_,https://drive.google.com/open?id=1GiSeWKbRXw35hOlDTB8rn-DK4eVp0Dq1,40548_080619_1,Creative Media,1655 Tupello Way,,Ottawa,ON,K4A 1V6,,RET TO CAN - Decal/ Car Stickers,2,$2.80,5.59,CN,9814,0.06,LBR,1,USD,,,,Creative Media,1655 Tupello Way,,Ottawa,ON,K4A 1V6,,Defranco Hardware,3105 Pine Ave,14301,Niagara Falls,NY,USA,PCE
,,,,,,,,,,,,,,,,,,,,,,,,,,,,,,,,,,,,,,,,
NO,,08/02/19,41526,https://drive.google.com/open?id=1wsDi6jW4UFLymPborXzHMoNKxESaySoD,https://drive.google.com/open?id=1UMhHJFHUkcDe6TR36PRwMA3BGoMa0duF,41526_080219_52,"Crusso Inc,",108 barnwell dr,,scarborough,ON,M1V 1V9,,RET TO CAN - Gloves,1,$18.00,18,CN,9814,0.23,LBR,1,USD,,,,"Crusso Inc,",108 barnwell dr,,scarborough,ON,M1V 1V9,,Defranco Hardware,3105 Pine Ave,14301,Niagara Falls,NY,USA,PCE
NO,,08/02/19,41526,https://drive.google.com/open?id=1h8Fyhln878UQIwwoY9e9JRd5EVrdj06F,https://drive.google.com/open?id=1nnuB0MwdFMfBLRJt2tCP9O6_ExGTPdUx,41526_080219_53,"Crusso Inc,",108 barnwell dr,,scarborough,ON,M1V 1V9,,RET TO CAN - Gloves,5,$14.40,72,CN,9814,0.44,LBR,1,USD,,,,"Crusso Inc,",108 barnwell dr,,scarborough,ON,M1V 1V9,,Defranco Hardware,3105 Pine Ave,14301,Niagara Falls,NY,USA,PCE
NO,,08/05/19,41526,https://drive.google.com/open?id=1uQQLhy60Jc2ZlpO2CCisaesDHEhvNMco,https://drive.google.com/open?id=1uv4OYHCz2ZDTV11C2i5FxZOH9ItMa3f6,41526_080519_18,"Crusso Inc,",108 barnwell dr,,scarborough,ON,M1V 1V9,,RET TO CAN - Helmet Liner,1,$13.00,13,CN,9814,0.25,LBR,1,USD,,,,"Crusso Inc,",108 barnwell dr,,scarborough,ON,M1V 1V9,,Defranco Hardware,3105 Pine Ave,14301,Niagara Falls,NY,USA,PCE
NO,,08/05/19,41526,https://drive.google.com/open?id=19nKNDn7lcYTxaiddbkg8SPAxQLrFhwJ1,https://drive.google.com/open?id=1Ti0vxwhPzCXb5rTG3nN6yYSmZuofgy1E,41526_080519_19,"Crusso Inc,",108 barnwell dr,,scarborough,ON,M1V 1V9,,RET TO CAN - Car Mount Kit,1,$16.00,16,CN,9814,0.25,LBR,1,USD,,,,"Crusso Inc,",108 barnwell dr,,scarborough,ON,M1V 1V9,,Defranco Hardware,3105 Pine Ave,14301,Niagara Falls,NY,USA,PCE
NO,,08/07/19,41526,https://drive.google.com/open?id=1ym7YwjYPMy5ueLJ7yTa2VSpKD6mjsEMd,https://drive.google.com/open?id=1aYcCdZUifWl4m6aIAWeOF2oNLzotybrl,41526_080719_23,"Crusso Inc,",108 barnwell dr,,scarborough,ON,M1V 1V9,,RET TO CAN - Gloves,1,$18.00,18,CN,9814,0.25,LBR,1,USD,,,,"Crusso Inc,",108 barnwell dr,,scarborough,ON,M1V 1V9,,Defranco Hardware,3105 Pine Ave,14301,Niagara Falls,NY,USA,PCE
NO,,08/08/19,41526,https://drive.google.com/open?id=1DksrzFeIFkdeitesiCJvkOtr0D8kCgDG,https://drive.google.com/open?id=1X5po68sdaUjNeAUr76mPUp2VziIQCNZ1,41526_080819_10,"Crusso Inc,",108 barnwell dr,,scarborough,ON,M1V 1V9,,RET TO CAN - Vent Mount Kit,1,$16.00,16,CN,9814,0.25,LBR,1,USD,,,,"Crusso Inc,",108 barnwell dr,,scarborough,ON,M1V 1V9,,Defranco Hardware,3105 Pine Ave,14301,Niagara Falls,NY,USA,PCE
,,,,,,,,,,,,,,,,,,,,,,,,,,,,,,,,,,,,,,,,
NO,,08/07/19,1748,https://drive.google.com/open?id=1NlfTMWl8LnmAXVIdeBZV6Wjbj6GZKyD-,https://drive.google.com/open?id=1WYeMCliJR9ZbYg1V5VjwTrRzLCERgmpJ,1748_080719_27,Curious Beaver Inc.,1 Steelcase Rd W,Unit 35,Markham,ON,L3R 0T3,,RET TO CAN - Jed North Apparel,1,$10.95,10.95,CN,9814,0.5,LBR,1,USD,,,,Curious Beaver Inc.,1 Steelcase Rd W,Unit 35,Markham,ON,L3R 0T3,,Defranco Hardware,3105 Pine Ave,14301,Niagara Falls,NY,USA,PCE
NO,,08/07/19,1748,https://drive.google.com/open?id=10fO3HE7ka5dFFikqXROL7QK8PuqlLC5k,https://drive.google.com/open?id=1IHmvv804bBri6Omuq0X9gLkXu1BMs5xX,1748_080719_28,Curious Beaver Inc.,1 Steelcase Rd W,Unit 35,Markham,ON,L3R 0T3,,RET TO CAN - Jed North Apparel,1,$72.95,72.95,CN,9814,0.25,LBR,1,USD,,,,Curious Beaver Inc.,1 Steelcase Rd W,Unit 35,Markham,ON,L3R 0T3,,Defranco Hardware,3105 Pine Ave,14301,Niagara Falls,NY,USA,PCE
NO,,08/07/19,1748,https://drive.google.com/open?id=1sPg0l87_asAS7UDXf50BJHZlGdAdSDb1,https://drive.google.com/open?id=17K_B697wD7_4gXx9NG6GgYazJU5gvM2h,1748_080719_29,Curious Beaver Inc.,1 Steelcase Rd W,Unit 35,Markham,ON,L3R 0T3,,RET TO CAN - JJ Malibu Apparel,5,$6.59,32.95,CN,9814,0.88,LBR,1,USD,,,,Curious Beaver Inc.,1 Steelcase Rd W,Unit 35,Markham,ON,L3R 0T3,,Defranco Hardware,3105 Pine Ave,14301,Niagara Falls,NY,USA,PCE
NO,,08/08/19,1748,https://drive.google.com/open?id=1MiQ1Vm2bEgHtFuHZF-aBQJLbB5wyfq23,https://drive.google.com/open?id=1bNR1RQ41RJezE08zsO8WuTSxezWuzjNE,1748_080819_25,Curious Beaver Inc.,1 Steelcase Rd W,Unit 35,Markham,ON,L3R 0T3,,RET TO CAN - Jed North Apparel,1,$18.95,18.95,CN,9814,0.31,LBR,1,USD,,,,Curious Beaver Inc.,1 Steelcase Rd W,Unit 35,Markham,ON,L3R 0T3,,Defranco Hardware,3105 Pine Ave,14301,Niagara Falls,NY,USA,PCE
NO,,08/08/19,1748,https://drive.google.com/open?id=16m8Cn4Zop-JaT5_foNCImewQE5y6Z1QP,https://drive.google.com/open?id=16oe2gLeYoTHwJcEbaRlixWDFgclRKrLB,1748_080819_26,Curious Beaver Inc.,1 Steelcase Rd W,Unit 35,Markham,ON,L3R 0T3,,RET TO CAN - JJ Malibu Apparel,1,$6.95,6.95,CN,9814,0.25,LBR,1,USD,,,,Curious Beaver Inc.,1 Steelcase Rd W,Unit 35,Markham,ON,L3R 0T3,,Defranco Hardware,3105 Pine Ave,14301,Niagara Falls,NY,USA,PCE
NO,,08/08/19,1748,https://drive.google.com/open?id=1wEDAfFrRZUnHEP4WuBoUhvfC_zHLGRKj,https://drive.google.com/open?id=1GX1Twoj2_-F3QLGat43WXzPm_wgjvGcV,1748_080819_27,Curious Beaver Inc.,1 Steelcase Rd W,Unit 35,Markham,ON,L3R 0T3,,RET TO CAN - Jogging Pants,1,$38.95,38.95,CN,9814,0.44,LBR,1,USD,,,,Curious Beaver Inc.,1 Steelcase Rd W,Unit 35,Markham,ON,L3R 0T3,,Defranco Hardware,3105 Pine Ave,14301,Niagara Falls,NY,USA,PCE
NO,,08/08/19,1748,https://drive.google.com/open?id=16OrwYpAGCkaVWq3WI2VltE601Vd1bGWv,https://drive.google.com/open?id=1udV6FWgBGMRYysJe7-BZa7gJCTGCsh8u,1748_080819_28,Curious Beaver Inc.,1 Steelcase Rd W,Unit 35,Markham,ON,L3R 0T3,,RET TO CAN - JJ Malibu Apparel,2,$8.48,16.95,CN,9814,0.56,LBR,1,USD,,,,Curious Beaver Inc.,1 Steelcase Rd W,Unit 35,Markham,ON,L3R 0T3,,Defranco Hardware,3105 Pine Ave,14301,Niagara Falls,NY,USA,PCE
NO,,08/08/19,1748,https://drive.google.com/open?id=1M2aBfIUQvUkQdDYmXCcSzgUp4_tnMA0Z,https://drive.google.com/open?id=1k7YYZxpQz9-NcBD84nx7A-l1lq60D1rf,1748_080819_29,Curious Beaver Inc.,1 Steelcase Rd W,Unit 35,Markham,ON,L3R 0T3,,RET TO CAN - Jed North Apparel,1,$10.95,10.95,CN,9814,0.38,LBR,1,USD,,,,Curious Beaver Inc.,1 Steelcase Rd W,Unit 35,Markham,ON,L3R 0T3,,Defranco Hardware,3105 Pine Ave,14301,Niagara Falls,NY,USA,PCE
NO,,08/09/19,1748,https://drive.google.com/open?id=1J53DdglMmNLHGqL5SphFwuBQV3lVqKoK,https://drive.google.com/open?id=172-VSINB0gPYCdtbDz39aAm4I4czjLHg,1748_080919_7,Curious Beaver Inc.,1 Steelcase Rd W,Unit 35,Markham,ON,L3R 0T3,,RET TO CAN - Jed North Apparel,1,$17.95,17.95,CN,9814,0.25,LBR,1,USD,,,,Curious Beaver Inc.,1 Steelcase Rd W,Unit 35,Markham,ON,L3R 0T3,,Defranco Hardware,3105 Pine Ave,14301,Niagara Falls,NY,USA,PCE
NO,,08/09/19,1748,https://drive.google.com/open?id=113tVHe4fW3aocm6UeIkOFJVrCmyuhnCR,https://drive.google.com/open?id=1fbSpwYX8Y-eJsXPimIniMG3afyk6LbpG,1748_080919_8,Curious Beaver Inc.,1 Steelcase Rd W,Unit 35,Markham,ON,L3R 0T3,,RET TO CAN - JJ Malibu Apparel,2,$10.98,21.95,CN,9814,0.63,LBR,1,USD,,,,Curious Beaver Inc.,1 Steelcase Rd W,Unit 35,Markham,ON,L3R 0T3,,Defranco Hardware,3105 Pine Ave,14301,Niagara Falls,NY,USA,PCE
NO,,08/09/19,1748,https://drive.google.com/open?id=1EVQQO2jJyAO33NfyxkOr4-biKL-73C_y,https://drive.google.com/open?id=1RJa4sJrPneD-BMTernO9spFUQwqpdo7w,1748_080919_9,Curious Beaver Inc.,1 Steelcase Rd W,Unit 35,Markham,ON,L3R 0T3,,RET TO CAN - Jed North Apparel,1,$55.95,55.95,CN,9814,0.31,LBR,1,USD,,,,Curious Beaver Inc.,1 Steelcase Rd W,Unit 35,Markham,ON,L3R 0T3,,Defranco Hardware,3105 Pine Ave,14301,Niagara Falls,NY,USA,PCE
NO,,08/10/19,1748,https://drive.google.com/open?id=1I1dn_SyoYGyHznvBkPtVHvbpFbZEbI5c,https://drive.google.com/open?id=1NjvArZfUxogeCiU-xr2eazqFOSN78uyK,1748_081019_15,Curious Beaver Inc.,1 Steelcase Rd W,Unit 35,Markham,ON,L3R 0T3,,RET TO CAN - Jed North Apparel,2,$18.95,37.9,CN,9814,0.56,LBR,1,USD,,,,Curious Beaver Inc.,1 Steelcase Rd W,Unit 35,Markham,ON,L3R 0T3,,Defranco Hardware,3105 Pine Ave,14301,Niagara Falls,NY,USA,PCE
NO,,08/10/19,1748,https://drive.google.com/open?id=1gvU52fhUOkBetz37aU4wcfAgFlKjOxXV,https://drive.google.com/open?id=1-U0Af77ZmVvTsUGwAbj63RRjSx_g-Rlf,1748_081019_16,Curious Beaver Inc.,1 Steelcase Rd W,Unit 35,Markham,ON,L3R 0T3,,RET TO CAN - JJ Malibu Apparel,4,$18.95,75.8,CN,9814,2,LBR,1,USD,,,,Curious Beaver Inc.,1 Steelcase Rd W,Unit 35,Markham,ON,L3R 0T3,,Defranco Hardware,3105 Pine Ave,14301,Niagara Falls,NY,USA,PCE
NO,,08/10/19,1748,https://drive.google.com/open?id=1EVbRc1vbFuvY_m6IJXg7vPkOSMmR2lnx,https://drive.google.com/open?id=1CD0npI3PZ_L0l5b8UgVlBnduCYwcp5p1,1748_081019_17,Curious Beaver Inc.,1 Steelcase Rd W,Unit 35,Markham,ON,L3R 0T3,,RET TO CAN - JJ Malibu Apparel,7,$18.95,132.65,CN,9814,2,LBR,1,USD,,,,Curious Beaver Inc.,1 Steelcase Rd W,Unit 35,Markham,ON,L3R 0T3,,Defranco Hardware,3105 Pine Ave,14301,Niagara Falls,NY,USA,PCE
NO,,08/10/19,1748,https://drive.google.com/open?id=1IJyk4ieCHTPtlyvx7IUIgz0sFq9y2BGC,https://drive.google.com/open?id=1_3ZUjituAu5JZg5F35tkh_EmfdJPEOX3,1748_081019_18,Curious Beaver Inc.,1 Steelcase Rd W,Unit 35,Markham,ON,L3R 0T3,,RET TO CAN - Jed North Apparel,1,$25.95,25.95,CN,9814,0.25,LBR,1,USD,,,,Curious Beaver Inc.,1 Steelcase Rd W,Unit 35,Markham,ON,L3R 0T3,,Defranco Hardware,3105 Pine Ave,14301,Niagara Falls,NY,USA,PCE
NO,,08/10/19,1748,https://drive.google.com/open?id=16aykrGXXHIG3f7trNuOv62Bkm6nSxAQc,https://drive.google.com/open?id=1kZp-kahPZeYoTPwyW0X2BDsqWM3p83t4,1748_081019_19,Curious Beaver Inc.,1 Steelcase Rd W,Unit 35,Markham,ON,L3R 0T3,,RET TO CAN - JJ Malibu Apparel,3,$18.62,55.85,CN,9814,0.63,LBR,1,USD,,,,Curious Beaver Inc.,1 Steelcase Rd W,Unit 35,Markham,ON,L3R 0T3,,Defranco Hardware,3105 Pine Ave,14301,Niagara Falls,NY,USA,PCE
NO,,08/10/19,1748,https://drive.google.com/open?id=14aHmjkba7DFBIWEa9MtNdedcVoG0qqjl,https://drive.google.com/open?id=1vden4REHqASoYLlMuzofonCMUISwBDGW,1748_081019_20,Curious Beaver Inc.,1 Steelcase Rd W,Unit 35,Markham,ON,L3R 0T3,,RET TO CAN - Jed North Apparel,1,$51.00,51,CN,9814,0.5,LBR,1,USD,,,,Curious Beaver Inc.,1 Steelcase Rd W,Unit 35,Markham,ON,L3R 0T3,,Defranco Hardware,3105 Pine Ave,14301,Niagara Falls,NY,USA,PCE
NO,,08/10/19,1748,https://drive.google.com/open?id=1UGkNmU9x0XNRL_BNIu07LtxUGTArpS8Q,https://drive.google.com/open?id=1Qsbg1-_alFuAPH20MIS9mIhSCqehoE8r,1748_081019_21,Curious Beaver Inc.,1 Steelcase Rd W,Unit 35,Markham,ON,L3R 0T3,,RET TO CAN - Jed North Apparel,6,$52.00,312,CN,9814,3,LBR,1,USD,,,,Curious Beaver Inc.,1 Steelcase Rd W,Unit 35,Markham,ON,L3R 0T3,,Defranco Hardware,3105 Pine Ave,14301,Niagara Falls,NY,USA,PCE
NO,,08/13/19,1748,https://drive.google.com/open?id=1FD8NgoD_TCzXyW82falnMX_p2Vc6yn4Z,https://drive.google.com/open?id=13ZHnOjiTm-8KdiCLCGr4956jE9jGV9UB,1748_081319_29,Curious Beaver Inc.,1 Steelcase Rd W,Unit 35,Markham,ON,L3R 0T3,,RET TO CAN - JJ Malibu Apparel,2,$21.48,42.95,CN,9814,0.63,LBR,1,USD,,,,Curious Beaver Inc.,1 Steelcase Rd W,Unit 35,Markham,ON,L3R 0T3,,Defranco Hardware,3105 Pine Ave,14301,Niagara Falls,NY,USA,PCE
NO,,08/13/19,1748,https://drive.google.com/open?id=1VSggked43QY_v4maltQopLRNwyROUQjB,https://drive.google.com/open?id=1nMcLaM9S4jB2nZeN85Oi66NQpboyqpC0,1748_081319_31,Curious Beaver Inc.,1 Steelcase Rd W,Unit 35,Markham,ON,L3R 0T3,,RET TO CAN - JJ Malibu Apparel,3,$12.32,36.95,CN,9814,0.5,LBR,1,USD,,,,Curious Beaver Inc.,1 Steelcase Rd W,Unit 35,Markham,ON,L3R 0T3,,Defranco Hardware,3105 Pine Ave,14301,Niagara Falls,NY,USA,PCE
NO,,08/13/19,1748,https://drive.google.com/open?id=1q9vRIvmbzII7TQcm4kT9ggbOI6hv-hnZ,https://drive.google.com/open?id=1Ur9CoUosrc8npVdM2kcPu70i7GwAOu_p,1748_081319_32,Curious Beaver Inc.,1 Steelcase Rd W,Unit 35,Markham,ON,L3R 0T3,,RET TO CAN - Jed North Apparel,1,$21.95,21.95,CN,9814,0.63,LBR,1,USD,,,,Curious Beaver Inc.,1 Steelcase Rd W,Unit 35,Markham,ON,L3R 0T3,,Defranco Hardware,3105 Pine Ave,14301,Niagara Falls,NY,USA,PCE
NO,,08/14/19,1748,https://drive.google.com/open?id=1F6skjn7XkW9Rx3ZvSYbDwp1TH-qZoVn8,https://drive.google.com/open?id=1rsFDjc367inEXhcTYW8eYXSMognTIqSu,1748_081419_3,Curious Beaver Inc.,1 Steelcase Rd W,Unit 35,Markham,ON,L3R 0T3,,RET TO CAN - Jed North Apparel,1,$22.95,22.95,CN,9814,0.25,LBR,1,USD,,,,Curious Beaver Inc.,1 Steelcase Rd W,Unit 35,Markham,ON,L3R 0T3,,Defranco Hardware,3105 Pine Ave,14301,Niagara Falls,NY,USA,PCE
NO,,08/14/19,1748,https://drive.google.com/open?id=1fMmRGv6371fzW8vRear1qyaQB3KdC1eN,https://drive.google.com/open?id=1II0yAfaQaHdg6Ha29B_-GS1tjxwfJWQa,1748_081419_6,Curious Beaver Inc.,1 Steelcase Rd W,Unit 35,Markham,ON,L3R 0T3,,RET TO CAN - Jed North Apparel,2,$41.48,82.95,CN,9814,2,LBR,1,USD,,,,Curious Beaver Inc.,1 Steelcase Rd W,Unit 35,Markham,ON,L3R 0T3,,Defranco Hardware,3105 Pine Ave,14301,Niagara Falls,NY,USA,PCE
NO,,08/14/19,1748,https://drive.google.com/open?id=1Hk4gbEU_xxABhi65BZW_ksWBgqpJxHHY,https://drive.google.com/open?id=12bgkRebJv5uvX6xEF0NyvuiYWdF8-wR4,1748_081419_7,Curious Beaver Inc.,1 Steelcase Rd W,Unit 35,Markham,ON,L3R 0T3,,RET TO CAN - JJ Malibu Apparel,6,$15.49,92.95,CN,9814,3,LBR,1,USD,,,,Curious Beaver Inc.,1 Steelcase Rd W,Unit 35,Markham,ON,L3R 0T3,,Defranco Hardware,3105 Pine Ave,14301,Niagara Falls,NY,USA,PCE
NO,,08/17/19,1748,https://drive.google.com/open?id=1ENDmS0DgWlzuZIQIrOdt6zRDI3qbGHoT,https://drive.google.com/open?id=13UTC6hJY3F-9ozy81iqN2OAmInFJPf_-,1748_081719_31,Curious Beaver Inc.,1 Steelcase Rd W,Unit 35,Markham,ON,L3R 0T3,,RET TO CAN - Jed North Apparel,3,$15.32,45.95,CN,9814,2,LBR,1,USD,,,,Curious Beaver Inc.,1 Steelcase Rd W,Unit 35,Markham,ON,L3R 0T3,,Defranco Hardware,3105 Pine Ave,14301,Niagara Falls,NY,USA,PCE
NO,,08/17/19,1748,https://drive.google.com/open?id=1jKn6V8MLrR6wEBsJvA0CmS78ET_qa7If,https://drive.google.com/open?id=1c2R1kwgQMqg8JLuESNtAEb0RDvddtsAn,1748_081719_32,Curious Beaver Inc.,1 Steelcase Rd W,Unit 35,Markham,ON,L3R 0T3,,RET TO CAN - JJ Malibu Apparel,3,$5.65,16.95,CN,9814,0.44,LBR,1,USD,,,,Curious Beaver Inc.,1 Steelcase Rd W,Unit 35,Markham,ON,L3R 0T3,,Defranco Hardware,3105 Pine Ave,14301,Niagara Falls,NY,USA,PCE
NO,,08/17/19,1748,https://drive.google.com/open?id=17VdQtY0p-hbgWpKJcaiCeEx3AOYyOpxY,https://drive.google.com/open?id=1AA9wXIOpWLSUGxmJoJvAX3YoFF_G7kj2,1748_081719_33,Curious Beaver Inc.,1 Steelcase Rd W,Unit 35,Markham,ON,L3R 0T3,,RET TO CAN - JJ Malibu Apparel,3,$21.98,65.95,CN,9814,0.88,LBR,1,USD,,,,Curious Beaver Inc.,1 Steelcase Rd W,Unit 35,Markham,ON,L3R 0T3,,Defranco Hardware,3105 Pine Ave,14301,Niagara Falls,NY,USA,PCE
NO,,08/17/19,1748,https://drive.google.com/open?id=1mNkWQ-iY5oWN68TVe_YCujBGEZ29k6QY,https://drive.google.com/open?id=1WR1LAvM8HFIVknDTxzX6kj8nc-_J5Y1B,1748_081719_34,Curious Beaver Inc.,1 Steelcase Rd W,Unit 35,Markham,ON,L3R 0T3,,RET TO CAN - JJ Malibu Apparel,3,$11.98,35.95,CN,9814,0.88,LBR,1,USD,,,,Curious Beaver Inc.,1 Steelcase Rd W,Unit 35,Markham,ON,L3R 0T3,,Defranco Hardware,3105 Pine Ave,14301,Niagara Falls,NY,USA,PCE
NO,,08/17/19,1748,https://drive.google.com/open?id=1VXNlfVQZsq0PQZfXGBthOAAXq1AV9xlR,https://drive.google.com/open?id=1cVz_tVF3xYxRgw-XNIcm4ALGODwtvJpj,1748_081719_35,Curious Beaver Inc.,1 Steelcase Rd W,Unit 35,Markham,ON,L3R 0T3,,RET TO CAN - JJ Malibu Apparel,1,$17.95,17.95,CN,9814,0.25,LBR,1,USD,,,,Curious Beaver Inc.,1 Steelcase Rd W,Unit 35,Markham,ON,L3R 0T3,,Defranco Hardware,3105 Pine Ave,14301,Niagara Falls,NY,USA,PCE
NO,,08/17/19,1748,https://drive.google.com/open?id=1vSZn2PA09jXDbFM6esztfbXvj2081xyl,https://drive.google.com/open?id=1D-UjNhaC5ZeB2JwKPdK7yTs7Z_zE60z6,1748_081719_36,Curious Beaver Inc.,1 Steelcase Rd W,Unit 35,Markham,ON,L3R 0T3,,RET TO CAN - JJ Malibu Apparel,1,$65.95,65.95,CN,9814,0.38,LBR,1,USD,,,,Curious Beaver Inc.,1 Steelcase Rd W,Unit 35,Markham,ON,L3R 0T3,,Defranco Hardware,3105 Pine Ave,14301,Niagara Falls,NY,USA,PCE
NO,,08/17/19,1748,https://drive.google.com/open?id=1Vbf7-d4VBx_FgAW6wbc-zs3K-gn0fOIx,https://drive.google.com/open?id=1UMhmT7sfIuGz1ngt3xpx2-vdnXLHw3qR,1748_081719_38,Curious Beaver Inc.,1 Steelcase Rd W,Unit 35,Markham,ON,L3R 0T3,,RET TO CAN - Jed North Apparel,1,$32.95,32.95,CN,9814,0.31,LBR,1,USD,,,,Curious Beaver Inc.,1 Steelcase Rd W,Unit 35,Markham,ON,L3R 0T3,,Defranco Hardware,3105 Pine Ave,14301,Niagara Falls,NY,USA,PCE
NO,,08/17/19,1748,https://drive.google.com/open?id=16TirWeOCU7VBxZQEEbyBMyxp8ifqfdg1,https://drive.google.com/open?id=1YLSgj4gNsVDRftN-Y-AnfkRTq026lZ5k,1748_081719_39,Curious Beaver Inc.,1 Steelcase Rd W,Unit 35,Markham,ON,L3R 0T3,,RET TO CAN - JJ Malibu Apparel,2,$44.48,88.95,CN,9814,0.75,LBR,1,USD,,,,Curious Beaver Inc.,1 Steelcase Rd W,Unit 35,Markham,ON,L3R 0T3,,Defranco Hardware,3105 Pine Ave,14301,Niagara Falls,NY,USA,PCE
,,,,,,,,,,,,,,,,,,,,,,,,,,,,,,,,,,,,,,,,
NO,,08/01/19,41301,https://drive.google.com/open?id=1SWv4OuAKGjL53R1cAiRoGgs3oBLF4qyb,https://drive.google.com/open?id=1GNT0L3-7Azp8lvVaeW2Kj6ep0_cXeq7v,41301_080119_21,Danya Saleh,49 Heron Hollow ave,,Richmond Hill,ON,L4E 0V7,,RET TO CAN - Shoes,1,$60.00,60,CN,9814,2,LBR,1,USD,,,,Danya Saleh,49 Heron Hollow ave,,Richmond Hill,ON,L4E 0V7,,Defranco Hardware,3105 Pine Ave,14301,Niagara Falls,NY,USA,PCE
,,,,,,,,,,,,,,,,,,,,,,,,,,,,,,,,,,,,,,,,
NO,,08/01/19,16719,https://drive.google.com/open?id=1qoaj3zZRy5oCsWiySrxZWO_xOn3f_ySd,https://drive.google.com/open?id=1H5dVYF7QkXo04tbTX4LHI9QvHrxelFmF,16719_080119_17,Degtyar/Sports Outlets,"60 West Wilmot St,",,Richmond hill,ON,L4B 1H8,,RET TO CAN - Shirt,3,$5.33,15.98,CN,9814,1.3,LBR,1,USD,,,,Degtyar/Sports Outlets,"60 West Wilmot St,",,Richmond hill,ON,L4B 1H8,,Defranco Hardware,3105 Pine Ave,14301,Niagara Falls,NY,USA,PCE
NO,,08/01/19,16719,https://drive.google.com/open?id=1BrCh-yuzBDD-7zJfLlvxap9c5rG_FNPu,https://drive.google.com/open?id=1BjQsx-hY_ro5Xitp5OP_M-oOPhDlO2Te,16719_080119_18,Degtyar/Sports Outlets,"60 West Wilmot St,",,Richmond hill,ON,L4B 1H8,,RET TO CAN - Shirt,2,$7.99,15.98,CN,9814,1.5,LBR,1,USD,,,,Degtyar/Sports Outlets,"60 West Wilmot St,",,Richmond hill,ON,L4B 1H8,,Defranco Hardware,3105 Pine Ave,14301,Niagara Falls,NY,USA,PCE
,,,,,,,,,,,,,,,,,,,,,,,,,,,,,,,,,,,,,,,,
NO,,08/03/19,41013,https://drive.google.com/open?id=1eudZHWzf8cuwF8-kR3eyKJF426J-0OB8,https://drive.google.com/open?id=1bSx5ihcPrkXaX8Ss0V8b_YN4NhuF6J9Y,41013_080319_4,Dennis Vong,415 Oakdale Road,Suite 231,North York,ON,M3N 1W7,,RET TO CAN - Handmade Card,1,$13.00,13,CN,9814,0.13,LBR,1,USD,,,,Dennis Vong,415 Oakdale Road,Suite 231,North York,ON,M3N 1W7,,Defranco Hardware,3105 Pine Ave,14301,Niagara Falls,NY,USA,PCE
,,,,,,,,,,,,,,,,,,,,,,,,,,,,,,,,,,,,,,,,
NO,,08/01/19,821,https://drive.google.com/open?id=1YAy7FWyS_h2lLHv0nmhB8CocncPl5j3s,https://drive.google.com/open?id=1V1XFSIal0ZX1FovNjb9kH9k3Ra_P5XjP,821_080119_30,Dimitri Blinov/CGS-2006,104 - 1920 Ellesmere Rd.,"suite, 334",Scarborough,ON,M1H 3G1,,RET TO CAN - Sunglasses,1,$44.00,44,CN,9814,0.25,LBR,1,USD,,,,Dimitri Blinov/CGS-2006,104 - 1920 Ellesmere Rd.,"suite, 334",Scarborough,ON,M1H 3G1,,Defranco Hardware,3105 Pine Ave,14301,Niagara Falls,NY,USA,PCE
NO,,08/05/19,821,https://drive.google.com/open?id=1ZVmsPmlHcg1ClA_qB0cQHiSkFXkQfwxt,https://drive.google.com/open?id=1lli__QnFzZcB5zfxDZBSQ73uxc8rWfFQ,821_080519_14,Dimitri Blinov/CGS-2006,104 - 1920 Ellesmere Rd.,"suite, 334",Scarborough,ON,M1H 3G1,,RET TO CAN - Eyeglasses,1,$32.00,32,CN,9814,0.25,LBR,1,USD,,,,Dimitri Blinov/CGS-2006,104 - 1920 Ellesmere Rd.,"suite, 334",Scarborough,ON,M1H 3G1,,Defranco Hardware,3105 Pine Ave,14301,Niagara Falls,NY,USA,PCE
,,,,,,,,,,,,,,,,,,,,,,,,,,,,,,,,,,,,,,,,
NO,,08/01/19,15427,https://drive.google.com/open?id=15EAO9Gplh0QcNsjt8bb2kK7mfGs_Z-Io,https://drive.google.com/open?id=1gx1iH-JAKq1hN1ObeWEEMosS7vJeAnIC,15427_080119_19,Dolce & Gourmando Inc,1493 Bayview Ave,,Toronto,ON,M4G 3A8,,RET TO CAN - Mug,1,$36.95,36.95,CN,9814,1.6,LBR,1,USD,,,,Dolce & Gourmando Inc,1493 Bayview Ave,,Toronto,ON,M4G 3A8,,Defranco Hardware,3105 Pine Ave,14301,Niagara Falls,NY,USA,PCE
,,,,,,,,,,,,,,,,,,,,,,,,,,,,,,,,,,,,,,,,
YES,2 different items,08/01/19,40731,https://drive.google.com/open?id=1itCpBrbF1WW_iVIaLck89Hp0z0Njphcm,https://drive.google.com/open?id=1_Mce8tvJ3LYvfbygv8eZUOuxdd5068uP,40731_080119_3,FEJ Gear,9 Cambray Road,,Vaughan,ON,L4J 0K1,,RET TO CAN - Backpack ; Resting Mat,2,$5.54,11.08,CN,9814,6,LBR,1,USD,,,,FEJ Gear,9 Cambray Road,,Vaughan,ON,L4J 0K1,,Defranco Hardware,3105 Pine Ave,14301,Niagara Falls,NY,USA,PCE
YES,,08/05/19,40731,https://drive.google.com/open?id=1v6q4il-QI5dpeSNt6wat-vexUSTdCO56,https://drive.google.com/open?id=1UbdF4Kw1YsTQG_ze-TPYidoUv7FR7YjR,40731_080519_2,FEJ Gear,9 Cambray Road,,Vaughan,ON,L4J 0K1,,RET TO CAN - Backpack/ 1 Backpack + 1 Resting Mat,1,$99.00,99,CN,9814,5,LBR,1,USD,,,,FEJ Gear,9 Cambray Road,,Vaughan,ON,L4J 0K1,,Defranco Hardware,3105 Pine Ave,14301,Niagara Falls,NY,USA,PCE
,,,,,,,,,,,,,,,,,,,,,,,,,,,,,,,,,,,,,,,,
NO,,08/05/19,1791,https://drive.google.com/open?id=1S9W2KT9L3FaH8PFCsFkTaLFoNNbKqDme,https://drive.google.com/open?id=1FevDxDpDY19wB6yMyO9dMBRDB_VTCo2G,1791_080519_12,Fred Ning / Jenny,57 Froud Drive,,Richmond Hill,ON,L4S 0C6,,RET TO CAN - Ring,2,$10.00,19.99,CN,9814,0.13,LBR,1,USD,,,,Fred Ning / Jenny,57 Froud Drive,,Richmond Hill,ON,L4S 0C6,,Defranco Hardware,3105 Pine Ave,14301,Niagara Falls,NY,USA,PCE
,,,,,,,,,,,,,,,,,,,,,,,,,,,,,,,,,,,,,,,,
NO,,08/01/19,41030,https://drive.google.com/open?id=1l7QHO-gbqJfCHaP9UQMMRpB3BzrPIq-Z,https://drive.google.com/open?id=1rDK9v-1trQliqvw3_DojxW7PaDIMOq2j,41030_080119_28,Helvic55,509 Champagne Drive,,Toronto,ON,M3J 2C6,,RET TO CAN - Lipstick,1,$14.00,14,CN,9814,0.25,LBR,1,USD,,,,Helvic55,509 Champagne Drive,,Toronto,ON,M3J 2C6,,Defranco Hardware,3105 Pine Ave,14301,Niagara Falls,NY,USA,PCE
,,,,,,,,,,,,,,,,,,,,,,,,,,,,,,,,,,,,,,,,
NO,,08/17/19,41030,https://drive.google.com/open?id=1k5cHD8Jld4EjxDNu6ac1c9mKJOd0YkZz,https://drive.google.com/open?id=1xS-SOh--2cQjxIOJ_UScOJqCgrbd5aUV,41030_081719_1,Helvic55,509 Champagne Drive,,Toronto,ON,M3J 2C6,,RET TO CAN - Brassiere,1,11.95,11.95,CN,,0.44,LBR,1,USD,,,,Helvic55,509 Champagne Drive,,Toronto,ON,M3J 2C6,,Defranco Hardware,3105 Pine Ave,14301,Niagara Falls,NY,USA,PCE
,,,,,,,,,,,,,,,,,,,,,,,,,,,,,,,,,,,,,,,,
NO,,08/08/19,41583,https://drive.google.com/open?id=1WoLnwA-nbK5yxGlb08Q-NA8PJa6k-hgj,https://drive.google.com/open?id=1nsFIzJHaxIyPPD3h0L9qap3uhjeAJiM1,41583_080819_4,HMK Inc.,106 ramona blvd,,Markham,ON,L3P 2K4,,RET TO CAN - Cap,1,$15.00,15,CN,9814,0.25,LBR,1,USD,,,,HMK Inc.,106 ramona blvd,,Markham,ON,L3P 2K4,,Defranco Hardware,3105 Pine Ave,14301,Niagara Falls,NY,USA,PCE
NO,,08/10/19,41583,https://drive.google.com/open?id=1zAVed0pKIrBHZHXrbKSEuFLKwvCqRTPo,https://drive.google.com/open?id=1jJpq1cEUidA-J7Mj40wwSZLBMxwvHcvr,41583_081019_1,HMK Inc.,106 ramona blvd,,Markham,ON,L3P 2K4,,RET TO CAN - Brand Clean Up Blank Dad Hat - One Size,1,$20.00,20,CN,9814,0.46,LBR,1,USD,,,,HMK Inc.,106 ramona blvd,,Markham,ON,L3P 2K4,,Defranco Hardware,3105 Pine Ave,14301,Niagara Falls,NY,USA,PCE
NO,,08/17/19,41583,https://drive.google.com/open?id=1_fCVaIEPONCnBTeqZobqd5O9XGBTELle,https://drive.google.com/open?id=1S4Vd7hbLttJ-ekHDVrG5ZN4KOqTBuBKP,41583_081719_45,HMK Inc.,106 ramona blvd,,Markham,ON,L3P 2K4,,RET TO CAN - Cap,1,$20.00,20,,,0.13,LBR,1,USD,,,,HMK Inc.,106 ramona blvd,,Markham,ON,L3P 2K4,,Defranco Hardware,3105 Pine Ave,14301,Niagara Falls,NY,USA,PCE
,,,,,,,,,,,,,,,,,,,,,,,,,,,,,,,,,,,,,,,,
NO,,08/03/19,160,https://drive.google.com/open?id=1RUxiD6pXKDH8MH3z3LmzwgdD6INJzJ_A,https://drive.google.com/open?id=1Q64OXUpgNx5JRwPFPQQMpEaU7agOi1a6,160_080319_2,Hok Ching Lee /GTA Games,14 Mumberson Court,,Markham,ON,L6C 1Y4,,RET TO CAN - Deck Cards,1,$11.00,11,CN,9814,0.06,LBR,1,USD,,,,Hok Ching Lee /GTA Games,14 Mumberson Court,,Markham,ON,L6C 1Y4,,Defranco Hardware,3105 Pine Ave,14301,Niagara Falls,NY,USA,PCE
NO,,08/03/19,160,https://drive.google.com/open?id=1KGDyhgSFer0wdmyUoGi2MXBY7eOSgtpp,https://drive.google.com/open?id=1jN_cAm3gzbzMXK__wVLsrwX7eyk22y0w,160_080319_3,Hok Ching Lee /GTA Games,14 Mumberson Court,,Markham,ON,L6C 1Y4,,RET TO CAN - Deck Cards,1,$7.05,7.05,CN,9814,0.06,LBR,1,USD,,,,Hok Ching Lee /GTA Games,14 Mumberson Court,,Markham,ON,L6C 1Y4,,Defranco Hardware,3105 Pine Ave,14301,Niagara Falls,NY,USA,PCE
,,,,,,,,,,,,,,,,,,,,,,,,,,,,,,,,,,,,,,,,
NO,,08/01/19,12786,https://drive.google.com/open?id=1ucsKybuURGaZJP2594VMeH18cOmO0H5s,https://drive.google.com/open?id=1qD_obcHZbVLdRgm-oShR50YrHnByTTmw,12786_080119_20,Hong and Arts Inc,9 Digby Crescent,,Markham,ON,L3R 7G6,,RET TO CAN - Bedding Sheet Set,1,$20.00,20,CN,9814,1.71,LBR,1,USD,,,,Hong and Arts Inc,9 Digby Crescent,,Markham,ON,L3R 7G6,,Defranco Hardware,3105 Pine Ave,14301,Niagara Falls,NY,USA,PCE
,,,,,,,,,,,,,,,,,,,,,,,,,,,,,,,,,,,,,,,,
NO,,08/08/19,12786,https://drive.google.com/open?id=1LMCFuTPnFBVrlpgtxiMnkuw6T-UJu0sw,https://drive.google.com/open?id=1R9Svqkck4X_RM9czRH1Y8MY-V9nxyzxH,12786_080819_19,Hong and Arts Inc,9 Digby Crescent,,Markham,ON,L3R 7G6,,RET TO CAN - Bedding Sheet Set,6,$3.33,20,CN,9814,21,LBR,1,USD,,,,Hong and Arts Inc,9 Digby Crescent,,Markham,ON,L3R 7G6,,Defranco Hardware,3105 Pine Ave,14301,Niagara Falls,NY,USA,PCE
NO,,08/09/19,12786,https://drive.google.com/open?id=1hF7flCFnpEQm8y7FnQMpHQ7FObOGUySA,https://drive.google.com/open?id=1uCj5ZUnf7SPgTKs0OxHQ6uxnnXl7MxU5,12786_080919_4,Hong and Arts Inc,9 Digby Crescent,,Markham,ON,L3R 7G6,,RET TO CAN - Bedding Sheet Set,1,$20.00,20,CN,9814,5,LBR,1,USD,,,,Hong and Arts Inc,9 Digby Crescent,,Markham,ON,L3R 7G6,,Defranco Hardware,3105 Pine Ave,14301,Niagara Falls,NY,USA,PCE
NO,,08/09/19,12786,https://drive.google.com/open?id=1XyAKtJycE66tOcsYWGfX_d33GAvXnSiX,https://drive.google.com/open?id=1fLOa-FszzrHGyXmc_kIF0kmKGjsXV8Yo,12786_080919_5,Hong and Arts Inc,9 Digby Crescent,,Markham,ON,L3R 7G6,,RET TO CAN - Bedding Quilt Set,1,$20.00,20,CN,9814,8,LBR,1,USD,,,,Hong and Arts Inc,9 Digby Crescent,,Markham,ON,L3R 7G6,,Defranco Hardware,3105 Pine Ave,14301,Niagara Falls,NY,USA,PCE
NO,,08/09/19,12786,https://drive.google.com/open?id=1APjKBIiYhRQV6CjKGpoO73dKiN5DZiEK,https://drive.google.com/open?id=1Egmqs3bargb5jUJVfsf_TQ5SmVLyaWdK,12786_080919_26,Hong and Arts Inc,9 Digby Crescent,,Markham,ON,L3R 7G6,,RET TO CAN - Table Cloth-liquid Repellant and Duvet Cover Set,2,$20.00,40,CN,9814,7,LBR,1,USD,,,,Hong and Arts Inc,9 Digby Crescent,,Markham,ON,L3R 7G6,,Defranco Hardware,3105 Pine Ave,14301,Niagara Falls,NY,USA,PCE
NO,,08/09/19,12786,https://drive.google.com/open?id=1WAuXof6upFCyFTzZUDXOxqSNudUaw4wi,https://drive.google.com/open?id=1iJ4PitmnzRA_jnnKPpMsJTc-6ng8mnD6,12786_080919_27,Hong and Arts Inc,9 Digby Crescent,,Markham,ON,L3R 7G6,,RET TO CAN - Bedding Sheet Set,6,$20.00,120,CN,9814,27,LBR,1,USD,,,,Hong and Arts Inc,9 Digby Crescent,,Markham,ON,L3R 7G6,,Defranco Hardware,3105 Pine Ave,14301,Niagara Falls,NY,USA,PCE
,,,,,,,,,,,,,,,,,,,,,,,,,,,,,,,,,,,,,,,,
NO,,08/01/19,2859,https://drive.google.com/open?id=1au-Sgtfsev0NJSJErvbGcKBTmeIBXEfI,https://drive.google.com/open?id=1mcHn40SLjcbpcsXU-vCOPR2Jg6hJn0pa,2859_080119_33,Jiahua Yang / ABC Variety,unit 33-2220 midland ave,,Toronto,ON,M1P 3E6,,RET TO CAN - Slippers,1,$12.00,12,CN,9814,1,LBR,1,USD,,,,Jiahua Yang / ABC Variety,unit 33-2220 midland ave,,Toronto,ON,M1P 3E6,,Defranco Hardware,3105 Pine Ave,14301,Niagara Falls,NY,USA,PCE
NO,,08/01/19,2859,https://drive.google.com/open?id=1Xc--ioxh24Q_bddgIIiUfX1hm405yAr4,https://drive.google.com/open?id=1zXUF89gfDIm1el3szmNUey36IN-vTl3f,2859_080119_34,Jiahua Yang / ABC Variety,unit 33-2220 midland ave,,Toronto,ON,M1P 3E6,,RET TO CAN - Slippers,1,$18.00,18,CN,9814,1,LBR,1,USD,,,,Jiahua Yang / ABC Variety,unit 33-2220 midland ave,,Toronto,ON,M1P 3E6,,Defranco Hardware,3105 Pine Ave,14301,Niagara Falls,NY,USA,PCE
NO,,08/06/19,2859,https://drive.google.com/open?id=1inc3nqAy57lUI68M3yYJiouQ8RsAWgzd,https://drive.google.com/open?id=18mbH0vSWxiebNx6WfE_QYsmEvzISsA9j,2859_080619_4,Jiahua Yang / ABC Variety,unit 33-2220 midland ave,,Toronto,ON,M1P 3E6,,RET TO CAN - Hair Conditioner,1,$12.00,12,CN,9814,0.5,LBR,1,USD,,,,Jiahua Yang / ABC Variety,unit 33-2220 midland ave,,Toronto,ON,M1P 3E6,,Defranco Hardware,3105 Pine Ave,14301,Niagara Falls,NY,USA,PCE
,,,,,,,,,,,,,,,,,,,,,,,,,,,,,,,,,,,,,,,,
YES,,08/09/19,41346,https://drive.google.com/open?id=1maypPImuX_v5nb1uKnQJWTf6FhPzWMOu,https://drive.google.com/open?id=1OX_b86WyEkV88kWqZ0gXKrfaVOBYmmd-,41346_080919_1,KJ Distribution,320 don park road,units 18,Markham,ON,L3R 1J4,,"RET TO CAN - LG 27"" 5K Monitor",1,$750.00,750,CN,9814,25,LBR,1,USD,,,,KJ Distribution,320 don park road,units 18,Markham,ON,L3R 1J4,,Defranco Hardware,3105 Pine Ave,14301,Niagara Falls,NY,USA,PCE
,,,,,,,,,,,,,,,,,,,,,,,,,,,,,,,,,,,,,,,,
NO,,08/09/19,3559,https://drive.google.com/open?id=1dLkhw1yUHc1yeINqEoXg_oODaW_qK1Me,https://drive.google.com/open?id=19lc-F3WmDZR1VIazeBLkQSU5c5ZKcTyF,3559_080919_23,Line10 Tools / Line10 Trading,87 greylawn cres.,,Scarborough,ON,M1R 2V7,,RET TO CAN - Diamond Blade Disc ; Shoes,2,$12.50,24.99,CN,9814,4,LBR,1,USD,,,,Line10 Tools / Line10 Trading,87 greylawn cres.,,Scarborough,ON,M1R 2V7,,Defranco Hardware,3105 Pine Ave,14301,Niagara Falls,NY,USA,PCE
,,,,,,,,,,,,,,,,,,,,,,,,,,,,,,,,,,,,,,,,
NO,,08/07/2019,41473,https://drive.google.com/open?id=1Gsw7ERrP_ygXBXCqIVDiTFFR9pgxGTGw,https://drive.google.com/open?id=13D0XuWAimq8NlVjPxtrjVlnoISsASXAs,41473_080719_21,Liquidation Mania,160 Confederation pkwy,,Concord,ON,L4K 4T8,,RET TO CAN - Plantronic Headset,1,$36.95,$36.95,CN,9814,0.44,LBR,1,USD,,,,Liquidation Mania,160 Confederation pkwy,,Concord,ON,L4K 4T8,,Defranco Hardware,3105 Pine Ave,14301,Niagara Falls,NY,USA,PCE
NO,,08/08/2019,41473,https://drive.google.com/open?id=1d8EpziwXTWg2T90cvbnmVD-KQH9-Iu-I,https://drive.google.com/open?id=1ORuNVKRPypLynds4Hli8ts7nv2OLbpJu,41473_080819_13,Liquidation Mania,160 Confederation pkwy,,Concord,ON,L4K 4T8,,RET TO CAN - Security Camera,1,$10.00,$10.00,CN,9814,1,LBR,1,USD,,,,Liquidation Mania,160 Confederation pkwy,,Concord,ON,L4K 4T8,,Defranco Hardware,3105 Pine Ave,14301,Niagara Falls,NY,USA,PCE
NO,,08/08/2019,41473,https://drive.google.com/open?id=1Ma0grwcAvLWJPB5eqYc69CCOaGwBMmnI,https://drive.google.com/open?id=1IXTpc__9YMoRVKqlVFHzvkBKVTWOWqaw,41473_080819_14,Liquidation Mania,160 Confederation pkwy,,Concord,ON,L4K 4T8,,RET TO CAN - Plantronics Headset Adapter,1,$13.77,$13.77,CN,9814,0.19,LBR,1,USD,,,,Liquidation Mania,160 Confederation pkwy,,Concord,ON,L4K 4T8,,Defranco Hardware,3105 Pine Ave,14301,Niagara Falls,NY,USA,PCE
NO,,08/08/2019,41473,https://drive.google.com/open?id=19AUHOMCPigWtG9tUt6EqrzAccWmYFOhU,https://drive.google.com/open?id=1wGCIDww1eNbcLhnt0AdQKK37B2Hc1bsT,41473_080819_15,Liquidation Mania,160 Confederation pkwy,,Concord,ON,L4K 4T8,,RET TO CAN - Security Camera,4,$12.49,$49.95,CN,9814,1.5,LBR,1,USD,,,,Liquidation Mania,160 Confederation pkwy,,Concord,ON,L4K 4T8,,Defranco Hardware,3105 Pine Ave,14301,Niagara Falls,NY,USA,PCE
NO,,08/08/2019,41473,https://drive.google.com/open?id=1HR2xBFXSUfyTaGON4Vo8x2cQBzLN-Ou9,https://drive.google.com/open?id=1F_NwaQ6Lh2b5OlFXs_3Xg42uCbfg1a-3,41473_080819_16,Liquidation Mania,160 Confederation pkwy,,Concord,ON,L4K 4T8,,RET TO CAN - Electric Razor,1,$22.50,$22.50,CN,9814,0.63,LBR,1,USD,,,,Liquidation Mania,160 Confederation pkwy,,Concord,ON,L4K 4T8,,Defranco Hardware,3105 Pine Ave,14301,Niagara Falls,NY,USA,PCE
NO,,08/09/2019,41473,https://drive.google.com/open?id=1tMb21m-ErkW-ZpWWW8gRrDgNKWdxbgvi,https://drive.google.com/open?id=1XuK8pVEa0FOFjWIUVPXTrp5CILERDZ90,41473_080919_15,Liquidation Mania,160 Confederation pkwy,,Concord,ON,L4K 4T8,,RET TO CAN - Headset,1,$84.95,$84.95,CN,9814,1.1,LBR,1,USD,,,,Liquidation Mania,160 Confederation pkwy,,Concord,ON,L4K 4T8,,Defranco Hardware,3105 Pine Ave,14301,Niagara Falls,NY,USA,PCE
NO,,08/09/2019,41473,https://drive.google.com/open?id=1F8LEEgeZE4dAnaXRCh_8pWtR2HBALA07,https://drive.google.com/open?id=1TSoI3NDssNXV2JTayv1we7EEcVu1a7BC,41473_080919_16,Liquidation Mania,160 Confederation pkwy,,Concord,ON,L4K 4T8,,RET TO CAN - Toy,1,$19.95,$19.95,CN,9814,0.5,LBR,1,USD,,,,Liquidation Mania,160 Confederation pkwy,,Concord,ON,L4K 4T8,,Defranco Hardware,3105 Pine Ave,14301,Niagara Falls,NY,USA,PCE
NO,,08/09/2019,41473,https://drive.google.com/open?id=1-FtrY3wZpBLRPgFrZdFghBUsLeSXVvXI,https://drive.google.com/open?id=1QChUb0WG_Eb9ZsulpQZyG6jGz7iNngY-,41473_080919_17,Liquidation Mania,160 Confederation pkwy,,Concord,ON,L4K 4T8,,RET TO CAN - Plantronic Headset,1,$36.95,$36.95,CN,9814,0.38,LBR,1,USD,,,,Liquidation Mania,160 Confederation pkwy,,Concord,ON,L4K 4T8,,Defranco Hardware,3105 Pine Ave,14301,Niagara Falls,NY,USA,PCE
NO,,08/09/2019,41473,https://drive.google.com/open?id=1T0yoH0FyOXd8D_gANT_aCCyq6Z5U3bTr,https://drive.google.com/open?id=1zkPoylwFaownVnaoEafSbvTkM7HaOKdx,41473_080919_18,Liquidation Mania,160 Confederation pkwy,,Concord,ON,L4K 4T8,,RET TO CAN - Cosmetics (repair cream),1,$18.45,$18.45,CN,9814,0.31,LBR,1,USD,,,,Liquidation Mania,160 Confederation pkwy,,Concord,ON,L4K 4T8,,Defranco Hardware,3105 Pine Ave,14301,Niagara Falls,NY,USA,PCE
NO,,08/10/2019,41473,https://drive.google.com/open?id=1hMzQGLoObK6g-7NU4SVowbsy9C9MGqqJ,https://drive.google.com/open?id=118yRiR4bmZth0cGGhlTbYO1JOK8j-Xbc,41473_081019_9,Liquidation Mania,160 Confederation pkwy,,Concord,ON,L4K 4T8,,RET TO CAN - Security Camera,1,$113.85,$113.85,CN,9814,1.5,LBR,1,USD,,,,Liquidation Mania,160 Confederation pkwy,,Concord,ON,L4K 4T8,,Defranco Hardware,3105 Pine Ave,14301,Niagara Falls,NY,USA,PCE
NO,,08/10/2019,41473,https://drive.google.com/open?id=1Lva6WD5CisN0JNpLZGwqVI7TYC-VIz9x,https://drive.google.com/open?id=13x4I4nYxxtVC8zza5JihS1KQDome7eJG,41473_081019_10,Liquidation Mania,160 Confederation pkwy,,Concord,ON,L4K 4T8,,RET TO CAN - Security Camera,4,$12.49,$49.95,CN,9814,1.13,LBR,1,USD,,,,Liquidation Mania,160 Confederation pkwy,,Concord,ON,L4K 4T8,,Defranco Hardware,3105 Pine Ave,14301,Niagara Falls,NY,USA,PCE
NO,,08/10/2019,41473,https://drive.google.com/open?id=1R33UwCyqDdN91BIBroBZpQbxcn-3Y5sG,https://drive.google.com/open?id=15VA3Aq--AL92d1cVECZNWTVdfQHhI8A6,41473_081019_11,Liquidation Mania,160 Confederation pkwy,,Concord,ON,L4K 4T8,,RET TO CAN - Plantronics Headset,1,$36.95,$36.95,CN,9814,0.13,LBR,1,USD,,,,Liquidation Mania,160 Confederation pkwy,,Concord,ON,L4K 4T8,,Defranco Hardware,3105 Pine Ave,14301,Niagara Falls,NY,USA,PCE
NO,,08/10/2019,41473,https://drive.google.com/open?id=13gooONMXm0yc481e4jjKojKxoU0POa45,https://drive.google.com/open?id=1GbJEp-617fh2IlTB28PiOT8R-Js4VWyQ,41473_081019_12,Liquidation Mania,160 Confederation pkwy,,Concord,ON,L4K 4T8,,RET TO CAN - Printer,3,$151.90,$455.70,CN,9814,15.5,LBR,1,USD,,,,Liquidation Mania,160 Confederation pkwy,,Concord,ON,L4K 4T8,,Defranco Hardware,3105 Pine Ave,14301,Niagara Falls,NY,USA,PCE
NO,,08/13/2019,41473,https://drive.google.com/open?id=1_rJg2o3xb5Bbn72ZrVBKRA3Mwx94BdDj,https://drive.google.com/open?id=1Q6GmFZJYVec6lRc0EbjeJPv5jrNMvXP_,41473_081319_18,Liquidation Mania,160 Confederation pkwy,,Concord,ON,L4K 4T8,,RET TO CAN - Plantronics Headset,1,$36.95,$36.95,CN,9814,0.38,LBR,1,USD,,,,Liquidation Mania,160 Confederation pkwy,,Concord,ON,L4K 4T8,,Defranco Hardware,3105 Pine Ave,14301,Niagara Falls,NY,USA,PCE
NO,,08/13/2019,41473,https://drive.google.com/open?id=1XREd1OCWHK7F31Ty3yucWu488tAaVqO_,https://drive.google.com/open?id=1YBzvDLI3M-UL0Bxfk76-AfkcOwJMJa4q,41473_081319_19,Liquidation Mania,160 Confederation pkwy,,Concord,ON,L4K 4T8,,RET TO CAN - Sweater,1,$219.90,$219.90,CN,9814,0.38,LBR,1,USD,,,,Liquidation Mania,160 Confederation pkwy,,Concord,ON,L4K 4T8,,Defranco Hardware,3105 Pine Ave,14301,Niagara Falls,NY,USA,PCE
NO,,08/13/2019,41473,https://drive.google.com/open?id=1erSL_qut-h9ywxWLxpCcQLXIaW_WMoi3,https://drive.google.com/open?id=1p83fniW0uP2VqrBnZGmEOQPgo2Cgn2xK,41473_081319_22,Liquidation Mania,160 Confederation pkwy,,Concord,ON,L4K 4T8,,RET TO CAN - Plantronics Headset with Phone,2,$24.98,$49.95,CN,9814,2,LBR,1,USD,,,,Liquidation Mania,160 Confederation pkwy,,Concord,ON,L4K 4T8,,Defranco Hardware,3105 Pine Ave,14301,Niagara Falls,NY,USA,PCE
NO,,08/13/2019,41473,https://drive.google.com/open?id=1LM9OiZN8VtuE92-jKP64xHaTL9mHEGde,https://drive.google.com/open?id=1PWIjOHjV4fJRcOrFU9Fxv8WVAokegFOE,41473_081319_23,Liquidation Mania,160 Confederation pkwy,,Concord,ON,L4K 4T8,,RET TO CAN - Security Camera,5,$14.99,$74.95,CN,9814,2.6,LBR,1,USD,,,,Liquidation Mania,160 Confederation pkwy,,Concord,ON,L4K 4T8,,Defranco Hardware,3105 Pine Ave,14301,Niagara Falls,NY,USA,PCE
NO,,08/13/2019,41473,https://drive.google.com/open?id=1iZ43dq3-oxagpC7OdNLM7nRhvTdxtbVb,https://drive.google.com/open?id=1u3ktS3eBrr_QUpEEeWgQ8uTQA0EqBJBo,41473_081319_25,Liquidation Mania,160 Confederation pkwy,,Concord,ON,L4K 4T8,,RET TO CAN - Security Camera,1,$319.90,$319.90,CN,9814,2,LBR,1,USD,,,,Liquidation Mania,160 Confederation pkwy,,Concord,ON,L4K 4T8,,Defranco Hardware,3105 Pine Ave,14301,Niagara Falls,NY,USA,PCE
NO,,08/14/2019,41473,https://drive.google.com/open?id=1aMLYeVHQLC-gyP9Dnsp8IIoO3XlkPTsl,https://drive.google.com/open?id=1HrfkE0M-cFxUfOb8tvTIPr7MxPXuAuu5,41473_081419_24,Liquidation Mania,160 Confederation pkwy,,Concord,ON,L4K 4T8,,RET TO CAN - Lange Straightener,1,$32.95,$32.95,CN,9814,2,LBR,1,USD,,,,Liquidation Mania,160 Confederation pkwy,,Concord,ON,L4K 4T8,,Defranco Hardware,3105 Pine Ave,14301,Niagara Falls,NY,USA,PCE
NO,,08/14/2019,41473,https://drive.google.com/open?id=1x0anTMWbOoh2x5mtevVPbZ_c3BrS5v99,https://drive.google.com/open?id=1ifYhpWJZpxKk6-Xq3GVn9DkkPk5OBxme,41473_081419_25,Liquidation Mania,160 Confederation pkwy,,Concord,ON,L4K 4T8,,RET TO CAN - Pants,1,$57.70,$57.70,CN,9814,2,LBR,1,USD,,,,Liquidation Mania,160 Confederation pkwy,,Concord,ON,L4K 4T8,,Defranco Hardware,3105 Pine Ave,14301,Niagara Falls,NY,USA,PCE
NO,,08/14/2019,41473,https://drive.google.com/open?id=1mFSVUiA-VUCfc7fmwfk84L38vDQcDgg-,https://drive.google.com/open?id=1EWvYoDIlx8E-iP7cg9Nv2LiofH6xedOZ,41473_081419_26,Liquidation Mania,160 Confederation pkwy,,Concord,ON,L4K 4T8,,RET TO CAN - Spiderman Suit for Kids,1,$17.95,$17.95,CN,9814,0.75,LBR,1,USD,,,,Liquidation Mania,160 Confederation pkwy,,Concord,ON,L4K 4T8,,Defranco Hardware,3105 Pine Ave,14301,Niagara Falls,NY,USA,PCE
NO,,08/14/2019,41473,https://drive.google.com/open?id=1gnD7mvzd07wx6EZPrzaYLwkWbyopILCh,https://drive.google.com/open?id=1wMa0WrTp8g8iErdV_qutDHSE7vkRvUeS,41473_081419_27,Liquidation Mania,160 Confederation pkwy,,Concord,ON,L4K 4T8,,RET TO CAN - Star Wars Jedi Games,1,$52.50,$52.50,CN,9814,7,LBR,1,USD,,,,Liquidation Mania,160 Confederation pkwy,,Concord,ON,L4K 4T8,,Defranco Hardware,3105 Pine Ave,14301,Niagara Falls,NY,USA,PCE
NO,,08/14/2019,41473,https://drive.google.com/open?id=1Bz3-Vv_JRq_mhuglO3aoRr6TvNX87nNn,https://drive.google.com/open?id=1PHuy_XeAZR134meEhtT-yHTel5gY6yNp,41473_081419_28,Liquidation Mania,160 Confederation pkwy,,Concord,ON,L4K 4T8,,RET TO CAN - USB Adapter,1,$19.95,$19.95,CN,9814,0.38,LBR,1,USD,,,,Liquidation Mania,160 Confederation pkwy,,Concord,ON,L4K 4T8,,Defranco Hardware,3105 Pine Ave,14301,Niagara Falls,NY,USA,PCE
NO,,08/14/2019,41473,https://drive.google.com/open?id=1g3J1JBuSrKqgg36oL3rsqxdLvPKL5ImB,https://drive.google.com/open?id=1KDCylXUhBJ4OL_Vgy0RSCQSVsxLgP7O0,41473_081419_29,Liquidation Mania,160 Confederation pkwy,,Concord,ON,L4K 4T8,,RET TO CAN - Security Camera,4,$29.65,$118.60,CN,9814,3.5,LBR,1,USD,,,,Liquidation Mania,160 Confederation pkwy,,Concord,ON,L4K 4T8,,Defranco Hardware,3105 Pine Ave,14301,Niagara Falls,NY,USA,PCE
NO,,08/14/2019,41473,https://drive.google.com/open?id=17KjDmcxQscLJVrMXoXsgFghiBKehkqPR,https://drive.google.com/open?id=1TA1fgrfJ7twsjxHsfiRZvxXJDko7xeKe,41473_081419_30,Liquidation Mania,160 Confederation pkwy,,Concord,ON,L4K 4T8,,RET TO CAN - Body Bag,1,$12.99,$12.99,CN,9814,0.94,LBR,1,USD,,,,Liquidation Mania,160 Confederation pkwy,,Concord,ON,L4K 4T8,,Defranco Hardware,3105 Pine Ave,14301,Niagara Falls,NY,USA,PCE
NO,,08/17/2019,41473,https://drive.google.com/open?id=15OwAbhQmwMDnerHDUg8LnQRugsnc6bOa,https://drive.google.com/open?id=1LJoDpOlU68y3ei_zfi9eku0haIZZzcRE,41473_081719_54,Liquidation Mania,160 Confederation pkwy,,Concord,ON,L4K 4T8,,RET TO CAN - Electric Razor,1,$19.95,$19.95,CN,9814,1,LBR,1,USD,,,,Liquidation Mania,160 Confederation pkwy,,Concord,ON,L4K 4T8,,Defranco Hardware,3105 Pine Ave,14301,Niagara Falls,NY,USA,PCE
NO,,08/17/2019,41473,https://drive.google.com/open?id=1hVLoUlkTUZ5WGb9iuLHGWjv-I9sjrUP3,https://drive.google.com/open?id=11tx45F97QfR92yAjBi70EuIQZp9WqhO3,41473_081719_56,Liquidation Mania,160 Confederation pkwy,,Concord,ON,L4K 4T8,,RET TO CAN - Brassiere,1,$7.95,$7.95,CN,9814,1,LBR,1,USD,,,,Liquidation Mania,160 Confederation pkwy,,Concord,ON,L4K 4T8,,Defranco Hardware,3105 Pine Ave,14301,Niagara Falls,NY,USA,PCE
NO,,08/17/2019,41473,https://drive.google.com/open?id=1vS80-1IfmCTBBRNtgE3ycuAA9O99h-sk,https://drive.google.com/open?id=1PqLSQp-uDCMvrfh1iYEeKjKGU86IUvg9,41473_081719_57,Liquidation Mania,160 Confederation pkwy,,Concord,ON,L4K 4T8,,RET TO CAN - Philips Light Bulb,1,$34.95,$34.95,CN,9814,2,LBR,1,USD,,,,Liquidation Mania,160 Confederation pkwy,,Concord,ON,L4K 4T8,,Defranco Hardware,3105 Pine Ave,14301,Niagara Falls,NY,USA,PCE
NO,,08/17/2019,41473,https://drive.google.com/open?id=1RH93eff7P_8pbE3HoBekHfh-NL9vmCZO,https://drive.google.com/open?id=17hkvoEYe3n6qejAbmRwxBJHtGYdNzC-L,41473_081719_58,Liquidation Mania,160 Confederation pkwy,,Concord,ON,L4K 4T8,,RET TO CAN - Beuty Pill,1,$10.00,$10.00,CN,9814,1,LBR,1,USD,,,,Liquidation Mania,160 Confederation pkwy,,Concord,ON,L4K 4T8,,Defranco Hardware,3105 Pine Ave,14301,Niagara Falls,NY,USA,PCE
NO,,08/17/2019,41473,https://drive.google.com/open?id=1W0ZCEx-bLJT6SoGye7x6fN8DK0p_uF-z,https://drive.google.com/open?id=1zzSyz8_GhGokgc8-sQtNuq5AXNGNEefy,41473_081719_59,Liquidation Mania,160 Confederation pkwy,,Concord,ON,L4K 4T8,,RET TO CAN - Charger,1,$9.95,$9.95,CN,9814,1,LBR,1,USD,,,,Liquidation Mania,160 Confederation pkwy,,Concord,ON,L4K 4T8,,Defranco Hardware,3105 Pine Ave,14301,Niagara Falls,NY,USA,PCE
NO,,08/17/2019,41473,https://drive.google.com/open?id=19nHCEkuuQVSOo4cyaZjwSCTbRwsDEcYu,https://drive.google.com/open?id=1ERRAGpCh6c5gtjh-_Udpshw9edN2zjM1,41473_081719_60,Liquidation Mania,160 Confederation pkwy,,Concord,ON,L4K 4T8,,RET TO CAN - Security Camera,2,$44.05,$88.10,CN,9814,2,LBR,1,USD,,,,Liquidation Mania,160 Confederation pkwy,,Concord,ON,L4K 4T8,,Defranco Hardware,3105 Pine Ave,14301,Niagara Falls,NY,USA,PCE
NO,,08/17/2019,41473,https://drive.google.com/open?id=1wt8C4c9kCaPL5eBk4A5-oUq3wvxpxWx1,https://drive.google.com/open?id=1x-QKxWtekNdmxkNx9ieY1PxSQtRBcdQJ,41473_081719_61,Liquidation Mania,160 Confederation pkwy,,Concord,ON,L4K 4T8,,RET TO CAN - Telephone,1,$32.90,$32.90,CN,9814,3,LBR,1,USD,,,,Liquidation Mania,160 Confederation pkwy,,Concord,ON,L4K 4T8,,Defranco Hardware,3105 Pine Ave,14301,Niagara Falls,NY,USA,PCE
NO,,08/17/2019,41473,https://drive.google.com/open?id=1hNhM_4Eepqw82S98_E5Jt6okIYEFYUep,https://drive.google.com/open?id=1ZYLnBaQJfei3At-_HiNnq0kbyeldu_SR,41473_081719_62,Liquidation Mania,160 Confederation pkwy,,Concord,ON,L4K 4T8,,RET TO CAN - Telephone Wires,3,$18.00,$54.00,CN,9814,2,LBR,1,USD,,,,Liquidation Mania,160 Confederation pkwy,,Concord,ON,L4K 4T8,,Defranco Hardware,3105 Pine Ave,14301,Niagara Falls,NY,USA,PCE
NO,,08/17/2019,41473,https://drive.google.com/open?id=1kFJwYB-iJKV5N_zCnR50-Q5iuqeSf36Z,https://drive.google.com/open?id=1Ty0oUYkGDxGISfpjhaMrrVm9CSuFmxeq,41473_081719_63,Liquidation Mania,160 Confederation pkwy,,Concord,ON,L4K 4T8,,RET TO CAN - Security Camera,2,$67.45,$134.90,CN,9814,4,LBR,1,USD,,,,Liquidation Mania,160 Confederation pkwy,,Concord,ON,L4K 4T8,,Defranco Hardware,3105 Pine Ave,14301,Niagara Falls,NY,USA,PCE
NO,,08/17/2019,41473,https://drive.google.com/open?id=1pE6Dbp6k1WYKZPLx0iQk1hgUY4u0dozx,https://drive.google.com/open?id=10GFis9wRCErJVmVK2P7ElOL7_LCSX89k,41473_081719_64,Liquidation Mania,160 Confederation pkwy,,Concord,ON,L4K 4T8,,RET TO CAN - Security Camera,4,$15.74,$62.95,CN,9814,2,LBR,1,USD,,,,Liquidation Mania,160 Confederation pkwy,,Concord,ON,L4K 4T8,,Defranco Hardware,3105 Pine Ave,14301,Niagara Falls,NY,USA,PCE
NO,,08/17/2019,41473,https://drive.google.com/open?id=13-_i2QCCo-T2yPODJBTV4rDk45RbEQn0,https://drive.google.com/open?id=1UDgA0H-m5z_nmMtODkiaWAB5DDLMph0e,41473_081719_65,Liquidation Mania,160 Confederation pkwy,,Concord,ON,L4K 4T8,,RET TO CAN - Thermal Printer,1,$43.95,$43.95,CN,9814,3,LBR,1,USD,,,,Liquidation Mania,160 Confederation pkwy,,Concord,ON,L4K 4T8,,Defranco Hardware,3105 Pine Ave,14301,Niagara Falls,NY,USA,PCE
NO,,08/17/2019,41473,https://drive.google.com/open?id=1JGZsaScuHHq7xdIZqUKv7VuVX1HNAQzz,https://drive.google.com/open?id=1k09GDAKB7zlOiX8NpiAaD1jNoUBRG8Gz,41473_081719_66,Liquidation Mania,160 Confederation pkwy,,Concord,ON,L4K 4T8,,RET TO CAN - 21.9 Ultrawide Monitor,1,$176.55,$176.55,CN,9814,12,LBR,1,USD,,,,Liquidation Mania,160 Confederation pkwy,,Concord,ON,L4K 4T8,,Defranco Hardware,3105 Pine Ave,14301,Niagara Falls,NY,USA,PCE
,,,,,,,,,,,,,,,,,,,,,,,,,,,,,,,,,,,,,,,,
NO,,08/07/2019,8104,https://drive.google.com/open?id=1_i2v2HyAg6jCuUZ6IgX4jlXuQj-wY6aN,https://drive.google.com/open?id=1zvouAKEh3ALFYmczYdAs3-XKiUIxcCFB,8104_080719_26,Masha Apparel,264 McCaffrey Road,,NEWMARKET,ON,L3X 1J4,,RET TO CAN - 2 t-shirts,2,$30.00,$60.00,CN,9814,1,LBR,1,USD,,,,Masha Apparel,160 Confederation pkwy,,Concord,ON,L4K 4T8,,Defranco Hardware,3105 Pine Ave,14301,Niagara Falls,NY,USA,PCE
NO,,08/09/2019,8104,https://drive.google.com/open?id=1x12GhdkZ4LIysbdxHV2JLkoTbF0gArsn,https://drive.google.com/open?id=13mc_cXDjSNYpmdbe5ez-cftHdLRp1-1E,8104_080919_2,Masha Apparel,264 McCaffrey Road,,NEWMARKET,ON,L3X 1J4,,RET TO CAN - shirt,1,$50.00,$50.00,CN,9814,0.63,LBR,1,USD,,,,Masha Apparel,160 Confederation pkwy,,Concord,ON,L4K 4T8,,Defranco Hardware,3105 Pine Ave,14301,Niagara Falls,NY,USA,PCE
NO,,08/09/2019,8104,https://drive.google.com/open?id=17lFvhtSeWYtyRaiweiLgfJ-6-BoHyXyO,https://drive.google.com/open?id=1jdTaAvV0E_lQDcbgQ2_NQ_nVI8iAsVFr,8104_080919_3,Masha Apparel,264 McCaffrey Road,,NEWMARKET,ON,L3X 1J4,,RET TO CAN - shirt,1,$32.00,$32.00,CN,9814,0.38,LBR,1,USD,,,,Masha Apparel,160 Confederation pkwy,,Concord,ON,L4K 4T8,,Defranco Hardware,3105 Pine Ave,14301,Niagara Falls,NY,USA,PCE
NO,,08/10/2019,8104,https://drive.google.com/open?id=1eY8AArL2KxQYx_Ha3vK-goSDumD6CcoH,https://drive.google.com/open?id=1wdzP4KtMZV7MRRj2R_cPGqvWbg5ziitq,8104_081019_2,Masha Apparel,264 McCaffrey Road,,NEWMARKET,ON,L3X 1J4,,RET TO CAN - shirt,1,$45.00,$45.00,CN,9814,0.7,LBR,1,USD,,,,Masha Apparel,160 Confederation pkwy,,Concord,ON,L4K 4T8,,Defranco Hardware,3105 Pine Ave,14301,Niagara Falls,NY,USA,PCE
,,,,,,,,,,,,,,,,,,,,,,,,,,,,,,,,,,,,,,,,
NO,,08/08/2019,8119,https://drive.google.com/open?id=1NJNZTC1KRKwfZ3fe2W60jVWFuH064u5l,https://drive.google.com/open?id=1RqBbHpRUcA0YKLay5wkTPfAPpUyhgj8k,8119_080819_7,Modern Coating Ltd.,"9225, leslie street",,Richmond hill,ON,L4B 3H6,,RET TO CAN - wrap,1,$7.00,$7.00,CN,9814,2,LBR,1,USD,,,,Modern Coating Ltd.,"9225, leslie street",,Richmond hill,ON,L4B 3H6,,Defranco Hardware,3105 Pine Ave,14301,Niagara Falls,NY,USA,PCE
,,,,,,,,,,,,,,,,,,,,,,,,,,,,,,,,,,,,,,,,
YES,,08/02/19,40456,https://drive.google.com/open?id=19E5jwH40tqq3Lz8eelssArLsYDtqk_9H,https://drive.google.com/open?id=1Rzg-907axoeBzPOvlVmxAPGuPABb79cD,40456_080219_49,Modern Strategies/Phil Tiniakos,70 Watson St.,,Scarboriugh,ON,M1C 1E3,,RET TO CAN - Cellphone Battery,1,$15.00,15,CN,9814,0.25,LBR,1,USD,,,,Modern Strategies/Phil Tiniakos,70 Watson St.,,Scarboriugh,ON,M1C 1E3,,Defranco Hardware,3105 Pine Ave,14301,Niagara Falls,NY,USA,PCE
YES,,08/05/19,40456,https://drive.google.com/open?id=1TiRRh3lCTLAgYe4MOUQ6Fnewq-Pwopwz,https://drive.google.com/open?id=1i6IieC-IDgRMRJyXXM4RXLVgFgcwrtey,40456_080519_13,Modern Strategies/Phil Tiniakos,70 Watson St.,,Scarboriugh,ON,M1C 1E3,,RET TO CAN - Cellphone Battery,1,$15.00,15,CN,9814,0.25,LBR,1,USD,,,,Modern Strategies/Phil Tiniakos,70 Watson St.,,Scarboriugh,ON,M1C 1E3,,Defranco Hardware,3105 Pine Ave,14301,Niagara Falls,NY,USA,PCE
YES,,08/17/19,40456,https://drive.google.com/open?id=1wwUbg1pOPIE_frhMMG6XG0q8mQS9Wcll,https://drive.google.com/open?id=1OkWOw73VuA28hlE88CKxhWJ_9ekf4iIN,40456_081719_4,Modern Strategies/Phil Tiniakos,70 Watson St.,,Scarboriugh,ON,M1C 1E3,,RET TO CAN - Cellphone Battery,1,$15.00,15,,,0.13,LBR,1,USD,,,,Modern Strategies/Phil Tiniakos,70 Watson St.,,Scarboriugh,ON,M1C 1E3,,Defranco Hardware,3105 Pine Ave,14301,Niagara Falls,NY,USA,PCE
,,,,,,,,,,,,,,,,,,,,,,,,,,,,,,,,,,,,,,,,
YES,,08/14/19,3382,https://drive.google.com/open?id=1HEZXvZyobvGzw_uQw3Gj7F6-oxy7P9GM,https://drive.google.com/open?id=1zd2D-DfKkqEI9UBSo8gxbr56IOSNik_L,3382_081419_11,"OneOn Target.com, Inc",62 Raymerville Dr,,Markham,ON,L3P 4J5,YES,RET TO CAN - 19th Golf Custom Hole,1,89.99,89.99,CN,9814,0.38,LBR,1,USD,,,,"OneOn Target.com, Inc",62 Raymerville Dr,,Markham,ON,L3P 4J5,,Defranco Hardware,3105 Pine Ave,14301,Niagara Falls,NY,USA,PCE
YES,,08/14/2019,3382,https://drive.google.com/open?id=1HHlJr57QaawAL6reDn3o-tCDL-B5GWHc,https://drive.google.com/open?id=1k76vbSoUqf_RXI_1JOpGQ7G1sTpB7cXz,3382_081419_12,"OneOn Target.com, Inc",62 Raymerville Dr,,Markham,ON,L3P 4J5,YES,RET TO CAN - Golf Club Head Cover,1,$19.99,$19.99,CN,9814,0.38,LBR,1,USD,,,,"OneOn Target.com, Inc",62 Raymerville Dr,,Markham,ON,L3P 4J5,,Defranco Hardware,3105 Pine Ave,14301,Niagara Falls,NY,USA,PCE
,,,,,,,,,,,,,,,,,,,,,,,,,,,,,,,,,,,,,,,,
NO,,08/01/19,14278,https://drive.google.com/open?id=17mIVlK_TNArDHh5bFhfF5bM18_n0sMqu,https://drive.google.com/open?id=1vJ4UqSZSVKNxUOYRWhNAFEBUz-FGMPk3,14278_080119_29,Rob Adduono,11 West Park Blvd,,Stouffville,ON,L4A 2C9,,RET TO CAN - Lipstick,1,19,19,CN,9814,0.19,LBR,1,USD,,,,Rob Adduono,11 West Park Blvd,,Stouffville,ON,L4A 2C9,,Defranco Hardware,3105 Pine Ave,14301,Niagara Falls,NY,USA,PCE
NO,,08/05/19,14278,https://drive.google.com/open?id=1JMpBx9viEaUhP42W0a56O3LstlLZAW-g,https://drive.google.com/open?id=1OHvvu3jZ4ev_7Se4x6LU0w59Cgjf3omo,14278_080519_10,Rob Adduono,11 West Park Blvd,,Stouffville,ON,L4A 2C9,,RET TO CAN - Shampoo and Conditioner,2,25,50,CN,9814,2,LBR,1,USD,,,,Rob Adduono,11 West Park Blvd,,Stouffville,ON,L4A 2C9,,Defranco Hardware,3105 Pine Ave,14301,Niagara Falls,NY,USA,PCE
NO,,08/07/19,14278,https://drive.google.com/open?id=1SrC8wUbICLvc4pq4ilvdGv9OXCQq1wLE,https://drive.google.com/open?id=1CzA19SY5XAiNGq60TvoFlnZI0-NuHleA,14278_080719_25,Rob Adduono,11 West Park Blvd,,Stouffville,ON,L4A 2C9,,RET TO CAN - Perfume,1,7,7,CN,9814,0.25,LBR,1,USD,,,,Rob Adduono,11 West Park Blvd,,Stouffville,ON,L4A 2C9,,Defranco Hardware,3105 Pine Ave,14301,Niagara Falls,NY,USA,PCE
,,,,,,,,,,,,,,,,,,,,,,,,,,,,,,,,,,,,,,,,
YES,,08/02/19,331,https://drive.google.com/open?id=1rygoMPABZAb7kl1UaduwS3EJCi-jeUwk,https://drive.google.com/open?id=1KjKUPO4ZCtCKzHk9FHWFzc1hF_5PJS76,331_080219_50,Robert Baker,72 Jaimie Rd,,Thornhill,ON,L4J 6A7,,RET TO CAN - Delta Shower Pressure Balance,2,44.48,88.96,CN,9814,1,LBR,1,USD,,,,Robert Baker,72 Jaimie Rd,,Thornhill,ON,L4J 6A7,,Defranco Hardware,3105 Pine Ave,14301,Niagara Falls,NY,USA,PCE
YES,,08/17/19,331,https://drive.google.com/open?id=1TzFeHSCFtp8Ky_3MctievTWlOYQoZlXK,https://drive.google.com/open?id=1RI57nPi-f3Icc4A86MCxb5bqfth23ZTs,331_081719_14,Robert Baker,72 Jaimie Rd,,Thornhill,ON,L4J 6A7,,RET TO CAN - Moen Handle Tub,1,29,29,CN,,0.06,LBR,1,USD,,,,Robert Baker,72 Jaimie Rd,,Thornhill,ON,L4J 6A7,,Defranco Hardware,3105 Pine Ave,14301,Niagara Falls,NY,USA,PCE
,,,,,,,,,,,,,,,,,,,,,,,,,,,,,,,,,,,,,,,,
YES,,08/08/2019,1,https://drive.google.com/open?id=1L6fqFJMH03PYcFIuNH6nnf8dKDxxJ14o,https://drive.google.com/open?id=1TdxNjqSgETrOiY-M3-VMZk7tG_1zwjco,1_080819_18,Stallion Express/Orange Oyster,#2 7676 woodbine ave,,markham,ON,L3R 2N2,,RET TO CAN - Tower Fan,1,$64.98,$64.98,CN,9814,15,LBR,1,USD,,,,Stallion Express/Orange Oyster,#2 7676 woodbine ave,,markham,ON,L3R 2N2,,Defranco Hardware,3105 Pine Ave,14301,Niagara Falls,NY,USA,PCE
,,,,,,,,,,,,,,,,,,,,,,,,,,,,,,,,,,,,,,,,
NO,,08/02/2019,41029,https://drive.google.com/open?id=1Zd7M26oUqnBpY6j-FayETG6nDeroLJEl,https://drive.google.com/open?id=1Ph61Ft0m66Vf17UwXMicostZLQbnWMhg,41029_080219_6,Trade Management/JChitChats,631 Rivermede Road,,Concord,ON,L4K 2G8,,RET TO CAN - Samsung Smartphone,1,$61.98,$61.98,CN,9814,0.81,LBR,1,USD,,,,Trade Management/JChitChats,631 Rivermede Road,,Concord,ON,L4K 2G8,,Defranco Hardware,3105 Pine Ave,14301,Niagara Falls,NY,USA,PCE
NO,,08/10/2019,41029,https://drive.google.com/open?id=11rUVkpBdgD-bg20Rhbt6iIvcRCkiPtzg,https://drive.google.com/open?id=1mdImdVq0LZCvpj68bvKWZ64nMNZGmS6U,41029_081019_7,Trade Management/JChitChats,631 Rivermede Road,,Concord,ON,L4K 2G8,,RET TO CAN - Samsung Smartphone,2,$25.99,$51.98,CN,9814,1.77,LBR,1,USD,,,,Trade Management/JChitChats,631 Rivermede Road,,Concord,ON,L4K 2G8,,Defranco Hardware,3105 Pine Ave,14301,Niagara Falls,NY,USA,PCE
NO,,08/02/2019,41029,https://drive.google.com/open?id=11DvW5Qiaq24JXD7Ob0ADzDz-zCirNNQi,https://drive.google.com/open?id=1pZ3wM1JHpYboDm4kReABr7DDEieUYetT,41029_080219_4,Trade Management/JustSomeDeals,631 Rivermede Road,,Concord,ON,L4K 2G8,,RET TO CAN - Record Book,10,$6.00,$60.00,CN,9814,4,LBR,1,USD,,,,Trade Management/JustSomeDeals,631 Rivermede Road,,Concord,ON,L4K 2G8,,Defranco Hardware,3105 Pine Ave,14301,Niagara Falls,NY,USA,PCE
NO,,08/02/2019,41029,https://drive.google.com/open?id=1cAvhtxYoiDQsSUL0cknEcYaf_AZ09Pst,https://drive.google.com/open?id=1NMrZcHKZsM76h-GRQ3wXBsV9DS1W0zcf,41029_080219_5,Trade Management/JustSomeDeals,631 Rivermede Road,,Concord,ON,L4K 2G8,,RET TO CAN - iPhone,2,$49.50,$99.00,CN,9814,0.88,LBR,1,USD,,,,Trade Management/JustSomeDeals,631 Rivermede Road,,Concord,ON,L4K 2G8,,Defranco Hardware,3105 Pine Ave,14301,Niagara Falls,NY,USA,PCE
NO,,08/02/2019,41029,https://drive.google.com/open?id=1qX5TVRBkWbi1f6COCbtf0c1vZ5Sq0X1i,https://drive.google.com/open?id=1eiv5hHbBrym6yHR6PdUAFkCPyX-xQtrR,41029_080219_7,Trade Management/JustSomeDeals,631 Rivermede Road,,Concord,ON,L4K 2G8,,RET TO CAN - Smartphone,1,$77.09,$77.09,CN,9814,1,LBR,1,USD,,,,Trade Management/JustSomeDeals,631 Rivermede Road,,Concord,ON,L4K 2G8,,Defranco Hardware,3105 Pine Ave,14301,Niagara Falls,NY,USA,PCE
NO,,08/02/2019,41029,https://drive.google.com/open?id=18jtSZ9Ju31SZ6GYZSWko8Xq0X71MTCVh,https://drive.google.com/open?id=1p_GTVATKq_mlzYXBBYyAr7JZQP1x4U_n,41029_080219_8,Trade Management/JustSomeDeals,631 Rivermede Road,,Concord,ON,L4K 2G8,,RET TO CAN - Double-Loop Wire-Binding,1,$7.99,$7.99,CN,9814,0.81,LBR,1,USD,,,,Trade Management/JustSomeDeals,631 Rivermede Road,,Concord,ON,L4K 2G8,,Defranco Hardware,3105 Pine Ave,14301,Niagara Falls,NY,USA,PCE
NO,,08/02/2019,41029,https://drive.google.com/open?id=1SRaQH_HARrRbrs3RSHViKBdmFG1qZdx6,https://drive.google.com/open?id=1eloPtLO_zlBjg7bewXUlvmry1w62Cs9X,41029_080219_10,Trade Management/JustSomeDeals,631 Rivermede Road,,Concord,ON,L4K 2G8,,RET TO CAN - Wall Mount Bathroom Faucet,1,$124.99,$124.99,CN,9814,4,LBR,1,USD,,,,Trade Management/JustSomeDeals,631 Rivermede Road,,Concord,ON,L4K 2G8,,Defranco Hardware,3105 Pine Ave,14301,Niagara Falls,NY,USA,PCE
NO,,08/03/2019,41029,https://drive.google.com/open?id=1wS8eYiEqENeOxoXUCiv98o4HNaoJ9y-U,https://drive.google.com/open?id=197GHfZAgxKXwa-u7UFDXZVOasRMEjdue,41029_080319_7,Trade Management/JustSomeDeals,631 Rivermede Road,,Concord,ON,L4K 2G8,,RET TO CAN - Book,1,$9.90,$9.90,CN,9814,1,LBR,1,USD,,,,Trade Management/JustSomeDeals,631 Rivermede Road,,Concord,ON,L4K 2G8,,Defranco Hardware,3105 Pine Ave,14301,Niagara Falls,NY,USA,PCE
NO,,08/05/2019,41029,https://drive.google.com/open?id=1lEuYe0Qb2OuW9gYo_AwK2tlTYPse2prM,https://drive.google.com/open?id=1mbc-Vkr6HuZD4CZ0dGR7rVYhApJDbT_J,41029_080519_21,Trade Management/JustSomeDeals,631 Rivermede Road,,Concord,ON,L4K 2G8,,RET TO CAN - Delta Faucet,1,$149.99,$149.99,CN,9814,3.5,LBR,1,USD,,,,Trade Management/JustSomeDeals,631 Rivermede Road,,Concord,ON,L4K 2G8,,Defranco Hardware,3105 Pine Ave,14301,Niagara Falls,NY,USA,PCE
NO,,08/05/2019,41029,https://drive.google.com/open?id=1TpYxjeUb4ILglKgRHbt-mGKvkNQ4BGxW,https://drive.google.com/open?id=1lUgL5o_NRP4_H5CJmtxPeIdxQqFkThm9,41029_080519_22,Trade Management/JustSomeDeals,631 Rivermede Road,,Concord,ON,L4K 2G8,,RET TO CAN - Book,1,$5.00,$5.00,CN,9814,1,LBR,1,USD,,,,Trade Management/JustSomeDeals,631 Rivermede Road,,Concord,ON,L4K 2G8,,Defranco Hardware,3105 Pine Ave,14301,Niagara Falls,NY,USA,PCE
NO,,08/05/2019,41029,https://drive.google.com/open?id=1OBEkKRulWwpqLnJ2c1R_M9NNqDIjUWJd,https://drive.google.com/open?id=1aP-CRI16gdxzw1v1mPO6CGeUfQlIEd75,41029_080519_23,Trade Management/JustSomeDeals,631 Rivermede Road,,Concord,ON,L4K 2G8,,RET TO CAN - Samsung Smartphone,1,$48.99,$48.99,CN,9814,1,LBR,1,USD,,,,Trade Management/JustSomeDeals,631 Rivermede Road,,Concord,ON,L4K 2G8,,Defranco Hardware,3105 Pine Ave,14301,Niagara Falls,NY,USA,PCE
NO,,08/05/2019,41029,https://drive.google.com/open?id=1bGGazu7pqcWFR8iTZqqhDqsg7yNb23aU,https://drive.google.com/open?id=18zifuN-lCraDyCtBIh8xjZkaKBmRpPxM,41029_080519_24,Trade Management/JustSomeDeals,631 Rivermede Road,,Concord,ON,L4K 2G8,,RET TO CAN - Laminating / Binding Machine,1,$36.99,$36.99,CN,9814,15,LBR,1,USD,,,,Trade Management/JustSomeDeals,631 Rivermede Road,,Concord,ON,L4K 2G8,,Defranco Hardware,3105 Pine Ave,14301,Niagara Falls,NY,USA,PCE
NO,,08/07/2019,41029,https://drive.google.com/open?id=1W0P1d4UtAqenIcq5nJTb8TD-LebeS-fF,https://drive.google.com/open?id=10s044MysWQiCsa7yBXZtrCMVn8256lRB,41029_080719_22,Trade Management/JustSomeDeals,631 Rivermede Road,,Concord,ON,L4K 2G8,,RET TO CAN - LG Rebel 4 4G LTE LML 212VL Android,1,$23.00,$23.00,CN,9814,0.75,LBR,1,USD,,,,Trade Management/JustSomeDeals,631 Rivermede Road,,Concord,ON,L4K 2G8,,Defranco Hardware,3105 Pine Ave,14301,Niagara Falls,NY,USA,PCE
NO,,08/08/2019,41029,https://drive.google.com/open?id=1hLRKqsAwapI-95sO-6kVM2uGnC1Nd_P1,https://drive.google.com/open?id=1qd9lsMgXgaThnxh-bOYhPO6LjhzCG8c_,41029_080819_1,Trade Management/JustSomeDeals,631 Rivermede Road,,Concord,ON,L4K 2G8,,RET TO CAN - Smartphone,1,$47.99,$47.99,CN,9814,2,LBR,1,USD,,,,Trade Management/JustSomeDeals,631 Rivermede Road,,Concord,ON,L4K 2G8,,Defranco Hardware,3105 Pine Ave,14301,Niagara Falls,NY,USA,PCE
NO,,08/08/2019,41029,https://drive.google.com/open?id=1dNdjFZvGAohmgTrNLVYfSNfIeaZ-wfA-,https://drive.google.com/open?id=1V3JiEV80mhiOW8yc_wBbzhJG5W-Qq9wI,41029_080819_2,Trade Management/JustSomeDeals,631 Rivermede Road,,Concord,ON,L4K 2G8,,RET TO CAN - Wrist Blood Pressure Monitor,1,$35.89,$35.89,CN,9814,0.38,LBR,1,USD,,,,Trade Management/JustSomeDeals,631 Rivermede Road,,Concord,ON,L4K 2G8,,Defranco Hardware,3105 Pine Ave,14301,Niagara Falls,NY,USA,PCE
NO,,08/08/2019,41029,https://drive.google.com/open?id=1oX1mcC6P5Ptuvt9HT5cpomevuyLajKVN,https://drive.google.com/open?id=1ETcoSscz_KvcaU1k0CyKYpn0HbhIi3Vq,41029_080819_3,Trade Management/JustSomeDeals,631 Rivermede Road,,Concord,ON,L4K 2G8,,"RET TO CAN - Hands-On Geography, Grades 6 - 8",1,$5.99,$5.99,CN,9814,1.3,LBR,1,USD,,,,Trade Management/JustSomeDeals,631 Rivermede Road,,Concord,ON,L4K 2G8,,Defranco Hardware,3105 Pine Ave,14301,Niagara Falls,NY,USA,PCE
NO,,08/09/2019,41029,https://drive.google.com/open?id=196Gz6IoQRILgY0LkO0awHqONsNFMLAo_,https://drive.google.com/open?id=1hyz7fOQ9wrk8D0O2OT6Y6sp3CJZcR8Nw,41029_080919_13,Trade Management/JustSomeDeals,631 Rivermede Road,,Concord,ON,L4K 2G8,,RET TO CAN - Smartphone,2,$50.00,$100.00,CN,9814,2.3,LBR,1,USD,,,,Trade Management/JustSomeDeals,631 Rivermede Road,,Concord,ON,L4K 2G8,,Defranco Hardware,3105 Pine Ave,14301,Niagara Falls,NY,USA,PCE
NO,,08/09/2019,41029,https://drive.google.com/open?id=1e09CMPtXtaJx1z35AwrR5Ulpwp_nj9Db,https://drive.google.com/open?id=1hwR0eni6u_050zFUmKjbqkBPHa-xInf3,41029_080919_14,Trade Management/JustSomeDeals,631 Rivermede Road,,Concord,ON,L4K 2G8,,RET TO CAN - Smartphone,1,$47.95,$47.95,CN,9814,1.2,LBR,1,USD,,,,Trade Management/JustSomeDeals,631 Rivermede Road,,Concord,ON,L4K 2G8,,Defranco Hardware,3105 Pine Ave,14301,Niagara Falls,NY,USA,PCE
NO,,08/10/2019,41029,https://drive.google.com/open?id=11hNr6KY0_nevU-p5ughBWV_g2cF-Szx3,https://drive.google.com/open?id=1PMSzymlPs6gO9hIhLEAc-I3rfTL-uVmk,41029_081019_8,Trade Management/JustSomeDeals,631 Rivermede Road,,Concord,ON,L4K 2G8,,RET TO CAN - Delta Faucet,2,$159.99,$319.98,CN,9814,12,LBR,1,USD,,,,Trade Management/JustSomeDeals,631 Rivermede Road,,Concord,ON,L4K 2G8,,Defranco Hardware,3105 Pine Ave,14301,Niagara Falls,NY,USA,PCE
NO,,08/13/2019,41029,https://drive.google.com/open?id=1dSEsEr0146HJm1tVkeeOIbrxBbiQNFzy,https://drive.google.com/open?id=1Pnw74470IJs_9DkPObCU7xuK1wKAj4O6,41029_081319_13,Trade Management/JustSomeDeals,631 Rivermede Road,,Concord,ON,L4K 2G8,,RET TO CAN - Pencil Box,1,$5.49,$5.49,CN,9814,0.25,LBR,1,USD,,,,Trade Management/JustSomeDeals,631 Rivermede Road,,Concord,ON,L4K 2G8,,Defranco Hardware,3105 Pine Ave,14301,Niagara Falls,NY,USA,PCE
NO,,08/14/2019,41029,https://drive.google.com/open?id=1_eD_sWATM-UlkuEd3RrK0YkAtu8uTlZa,https://drive.google.com/open?id=1V88D6H8rGAVCUnZksujFW6KtATvk_7xp,41029_081419_20,Trade Management/JustSomeDeals,631 Rivermede Road,,Concord,ON,L4K 2G8,,RET TO CAN - Smartphone,1,$47.99,$47.99,CN,9814,0.63,LBR,1,USD,,,,Trade Management/JustSomeDeals,631 Rivermede Road,,Concord,ON,L4K 2G8,,Defranco Hardware,3105 Pine Ave,14301,Niagara Falls,NY,USA,PCE
NO,,08/14/2019,41029,https://drive.google.com/open?id=1vntKrNCUVionxUTUlyOxrKUhDXWg69_v,https://drive.google.com/open?id=1wSF969iMbHMS67bdWNP5lKxrSgBKXMKV,41029_081419_23,Trade Management/JustSomeDeals,631 Rivermede Road,,Concord,ON,L4K 2G8,,RET TO CAN - Plan Book,1,$14.43,$14.43,CN,9814,0.94,LBR,1,USD,,,,Trade Management/JustSomeDeals,631 Rivermede Road,,Concord,ON,L4K 2G8,,Defranco Hardware,3105 Pine Ave,14301,Niagara Falls,NY,USA,PCE
NO,,08/17/2019,41029,https://drive.google.com/open?id=1GvPRiQskUD-beae5d_uXNVxcgChYui3U,https://drive.google.com/open?id=14cU_zr5CHNp18XioDD59cLKqbcpMc71n,41029_081719_44,Trade Management/JChitChats,631 Rivermede Road,,Concord,ON,L4K 2G8,,RET TO CAN - Smartphone,1,$149.99,$149.99,CN,9814,2,LBR,1,USD,,,,Trade Management/MediaWag,631 Rivermede Road,,Concord,ON,L4K 2G8,,Defranco Hardware,3105 Pine Ave,14301,Niagara Falls,NY,USA,PCE
NO,,08/17/2019,41029,https://drive.google.com/open?id=15v24Uq4VzDsysldKROiVPRdSoWYK_55S,https://drive.google.com/open?id=1XokgTU8F1QP9J0Gh5bGl4FOmVyuYqfiw,41029_081719_12,Trade Management/JustSomeDeals,631 Rivermede Road,,Concord,ON,L4K 2G8,,RET TO CAN - Book,1,$9.50,$9.50,CN,9814,0.13,LBR,1,USD,,,,Trade Management/MediaWag,631 Rivermede Road,,Concord,ON,L4K 2G8,,Defranco Hardware,3105 Pine Ave,14301,Niagara Falls,NY,USA,PCE
,,,,,,,,,,,,,,,,,,,,,,,,,,,,,,,,,,,,,,,,
NO,,08/09/2019,13206,https://drive.google.com/open?id=1FO37qajvCDauuPuH_48uBd1WSrRAJKPm,https://drive.google.com/open?id=1xJYE6kG1tT9bNAniOAMB_yjFavf9iIHL,13206_080919_20,Tradehouse8679,55-407 Oneida cres,,Richmond hill,ON,L4B 0E8,,RET TO CAN - Jeans,1,$40.00,$40.00,CN,9814,3,LBR,1,USD,,,,Tradehouse8679,55-407 Oneida cres,,Richmond hill,ON,L4B 0E8,,Defranco Hardware,3105 Pine Ave,14301,Niagara Falls,NY,USA,PCE
NO,,08/13/19,13206,https://drive.google.com/open?id=1ZvlW8-CB6BjmTntC0T_9r82CWS6ldq7R,https://drive.google.com/open?id=1N4ss11wqsqXT9kjaKSQFbsDsg52VVcKD,13206_081319_28,Tradehouse8679,55-407 Oneida cres,,Richmond hill,ON,L4B 0E8,,RET TO CAN - Jeans,1,40,40,CN,9814,2,LBR,1,USD,,,,Tradehouse8679,55-407 Oneida cres,,Richmond hill,ON,L4B 0E8,,Defranco Hardware,3105 Pine Ave,14301,Niagara Falls,NY,USA,PCE
,,,,,,,,,,,,,,,,,,,,,,,,,,,,,,,,,,,,,,,,
YES,,08/17/19,162,https://drive.google.com/open?id=1js9-_GpLKHCqsjR7eFmykptgR9dtyT6A,https://drive.google.com/open?id=1l4Ii5XXfNqaGHEO-ti13clz2NMWc4-Tu,162_081719_5,Xtreme eDeals,60 Caster Ave,,Woodbridge,ON,L4L 5Y9,,RET TO CAN - Post cap,1,$19.25,$19.25,,,2,LBR,,USD,,,,Xtreme eDeals,60 Caster Ave,,Woodbridge,ON,L4L 5Y9,,Defranco Hardware,3105 Pine Ave,14301,Niagara Falls,NY,USA,PCE
,,,,,,,,,,,,,,,,,,,,,,,,,,,,,,,,,,,,,,,,
YES,,08/08/2019,40829,https://drive.google.com/open?id=1q8rO8Kx95OuqQqSUju5RtDwebjTaeSlA,https://drive.google.com/open?id=1D0XJwgctvE_EANgy8T_ZbSXyR-sp5Eom,40829_080819_6,Yi Ling Tu,61 OceanView Street,,Richmond Hill,ON,L4S 2J8,,RET TO CAN - Computer cover for parts,1,$15.00,$15.00,CN,9814,1.4,LBR,1,USD,,,,Yi Ling Tu,61 OceanView Street,,Richmond Hill,ON,L4S 2J8,,Defranco Hardware,3105 Pine Ave,14301,Niagara Falls,NY,USA,PCE
,,,,,,,,,,,,,,,,,,,,,,,,,,,,,,,,,,,,,,,,
YES,,08/01/2019,40550,https://drive.google.com/open?id=1Z1EmrPKqWKfYbzNE0CjUYhDEtnBkD_w_,https://drive.google.com/open?id=1q6qKFovrDnm1Y6L2MQsgvwuWHr3wLUQX,40550_080119_4,Ye Jin,505-4101 Sheppard Avenue East,,Toronto,ON,M1S 3H3,,RET TO CAN - Shopkins & Electric Star Wars Toys,2,$11.75,$23.50,CN,9814,46,LBR,1,USD,,,,Ye Jin,505-4101 Sheppard Avenue East,,Toronto,ON,M1S 3H3,,Defranco Hardware,3105 Pine Ave,14301,Niagara Falls,NY,USA,PCE
,,,,,,,,,,,,,,,,,,,,,,,,,,,,,,,,,,,,,,,,
YES,,05/01/2019,41048,https://drive.google.com/open?id=1SdOOQCmFTcqMMFTrB0aDnlVMVdydDIrv,https://drive.google.com/open?id=1hK8ErArnqsJG6r2uNMC4_JctIjLjulMY,41048_050119_5,Renew You,590 Napa Valley Avenue,,Vaughan,ON,L4H 2A1,,RET TO CAN - NU Skin Care Product,1,$399.00,$399.00,CN,9814,3,LBR,1,USD,,,,Renew You,590 Napa Valley Avenue,,Vaughan,ON,L4H 2A1,,Defranco Hardware,3105 Pine Ave,14301,Niagara Falls,NY,USA,PCE
YES,,05/18/2019,41048,https://drive.google.com/open?id=12ecCX21g1vji4PS-iltbXAWzAWy9hZKd,https://drive.google.com/open?id=1WvaQ2DH-Vpnv-JntiBDLrIIbQWDSKD_v,41048_051819_3,Renew You,590 Napa Valley Avenue,,Vaughan,ON,L4H 2A1,,RET TO CAN - NU Skin Galvanic SPA,1,$300.00,$300.00,CN,9814,0.75,LBR,1,USD,,,,Renew You,590 Napa Valley Avenue,,Vaughan,ON,L4H 2A1,,Defranco Hardware,3105 Pine Ave,14301,Niagara Falls,NY,USA,PCE
YES,,07/19/2019,41048,https://drive.google.com/open?id=1flrvOJwFSLcmxomVrWsAF2kseuArqHnP,https://drive.google.com/open?id=1v_9forMGijshDJmRpefCcKUywWqx2qXK,41048_071919_7,Renew You,590 Napa Valley Avenue,,Vaughan,ON,L4H 2A1,,RET TO CAN - NU Skin Galvanic SPA,2,$100.00,$200.00,CN,9814,1,LBR,1,USD,,,,Renew You,590 Napa Valley Avenue,,Vaughan,ON,L4H 2A1,,Defranco Hardware,3105 Pine Ave,14301,Niagara Falls,NY,USA,PCE
YES,,07/25/2019,41048,https://drive.google.com/open?id=1wqvH3vzwQHtWtQp8uRrWvTnAs0CnRsKQ,https://drive.google.com/open?id=18J7QT7j5J-2bhwhwDBtKsbO_HVIC--WH,41048_072519_7,Renew You,590 Napa Valley Avenue,,Vaughan,ON,L4H 2A1,,RET TO CAN - NU Skin Products ; NU Skin Galvanic SPA,5,$80.00,$400.00,CN,9814,3.19,LBR,1,USD,,,,Renew You,590 Napa Valley Avenue,,Vaughan,ON,L4H 2A1,,Defranco Hardware,3105 Pine Ave,14301,Niagara Falls,NY,USA,PCE
YES,No data in the website,05/29/2019,41048,https://drive.google.com/open?id=1fFCDMsHvbPasKGLNDWcANkMPSLNpSn96,https://drive.google.com/open?id=1tIrmZ1YEA_a1-A01CFF5ztTq4t9v6mJT,41048_052919_5,Renew You,590 Napa Valley Avenue,,Vaughan,ON,L4H 2A1,,RET TO CAN - NU Skin Moisturizer,1,$100.00,$100.00,CN,9814,0.25,LBR,1,USD,,,,Renew You,590 Napa Valley Avenue,,Vaughan,ON,L4H 2A1,,Defranco Hardware,3105 Pine Ave,14301,Niagara Falls,NY,USA,PCE
YES,No data in the website,06/13/2019,41048,https://drive.google.com/open?id=1CewTEfe3D9lsBt1UcFYijJ5gzkNCiSNZ,https://drive.google.com/open?id=1PJ_K08UNK57YJclnjq8bt3yLF-4ihM5_,41048_061319_4,Renew You,590 Napa Valley Avenue,,Vaughan,ON,L4H 2A1,,RET TO CAN - NU Skin Galvanic SPA,1,$300.00,$300.00,CN,9814,0.75,LBR,1,USD,,,,Renew You,590 Napa Valley Avenue,,Vaughan,ON,L4H 2A1,,Defranco Hardware,3105 Pine Ave,14301,Niagara Falls,NY,USA,PCE
YES,No data in the website,06/13/2019,41048,https://drive.google.com/open?id=1I-Sid-qOcDLrNWrcwx8v7TUMa1p7ebKY,https://drive.google.com/open?id=13WtaulRy6zmx5LFfB02Jh0gIluKc8Ftv,41048_061319_5,Renew You,590 Napa Valley Avenue,,Vaughan,ON,L4H 2A1,,RET TO CAN - Nu Skin Galvanic Body SPA ; Various Skin Products,5,$80.00,$400.00,CN,9814,4,LBR,1,USD,,,,Renew You,590 Napa Valley Avenue,,Vaughan,ON,L4H 2A1,,Defranco Hardware,3105 Pine Ave,14301,Niagara Falls,NY,USA,PCE
YES,No data in the website,07/17/2019,41048,https://drive.google.com/open?id=1JqKs69XiTtZQ51NsZjvKGfUTK1Nv72Jg,https://drive.google.com/open?id=1p65eO_lDEFtEj-dLOFbBoLMyLmZBuLF6,41048_071719_21,Renew You,590 Napa Valley Avenue,,Vaughan,ON,L4H 2A1,,RET TO CAN - NU Skin Products,5,$80.00,$400.00,CN,9814,2.81,LBR,1,USD,,,,Renew You,590 Napa Valley Avenue,,Vaughan,ON,L4H 2A1,,Defranco Hardware,3105 Pine Ave,14301,Niagara Falls,NY,USA,PCE